Timestamp,Count,IR_raw,Red_raw,BPM,SpO2
2026-07-07T14:08:51.265307,209415,1157743,1157812,142.9,85.0
2026-07-07T14:08:51.265604,209416,1157738,1157812,142.9,85.0
2026-07-07T14:08:51.265829,209417,1157741,1157804,142.9,85.0
2026-07-07T14:08:51.266044,209418,1157727,1157801,142.9,85.0
2026-07-07T14:08:51.266253,209419,1157728,1157805,142.9,85.0
2026-07-07T14:08:51.266929,209420,1157732,1157804,142.9,84.8
2026-07-07T14:08:51.267166,209421,1157736,1157799,142.9,84.8
2026-07-07T14:08:51.327867,209422,1157732,1157792,142.9,84.8
2026-07-07T14:08:51.328186,209423,1157730,1157801,142.9,84.8
2026-07-07T14:08:51.336801,209424,1157727,1157797,142.9,84.8
2026-07-07T14:08:51.337744,209425,1157729,1157809,187.5,84.3
2026-07-07T14:08:51.338020,209426,1157735,1157803,187.5,84.3
2026-07-07T14:08:51.338275,209427,1157739,1157801,187.5,84.3
2026-07-07T14:08:51.338526,209428,1157740,1157798,187.5,84.3
2026-07-07T14:08:51.393211,209429,1157737,1157806,187.5,84.3
2026-07-07T14:08:51.393940,209430,1157735,1157806,187.5,84.1
2026-07-07T14:08:51.394169,209431,1157738,1157800,187.5,84.1
2026-07-07T14:08:51.394374,209432,1157739,1157795,187.5,84.1
2026-07-07T14:08:51.394623,209433,1157738,1157798,187.5,84.1
2026-07-07T14:08:51.394846,209434,1157744,1157791,187.5,84.1
2026-07-07T14:08:51.449711,209435,1157747,1157801,187.5,85.0
2026-07-07T14:08:51.450076,209436,1157743,1157792,187.5,85.0
2026-07-07T14:08:51.450305,209437,1157742,1157786,187.5,85.0
2026-07-07T14:08:51.450515,209438,1157751,1157797,187.5,85.0
2026-07-07T14:08:51.450758,209439,1157744,1157782,187.5,85.0
2026-07-07T14:08:51.451394,209440,1157745,1157787,120.0,85.0
2026-07-07T14:08:51.505340,209441,1157752,1157785,120.0,85.0
2026-07-07T14:08:51.505700,209442,1157750,1157783,120.0,85.0
2026-07-07T14:08:51.505991,209443,1157756,1157768,120.0,85.0
2026-07-07T14:08:51.506437,209444,1157756,1157761,120.0,85.0
2026-07-07T14:08:51.508294,209445,1157749,1157754,146.3,85.0
2026-07-07T14:08:51.561287,209446,1157745,1157743,146.3,85.0
2026-07-07T14:08:51.561654,209447,1157746,1157738,146.3,85.0
2026-07-07T14:08:51.561967,209448,1157745,1157741,146.3,85.0
2026-07-07T14:08:51.562287,209449,1157754,1157727,146.3,85.0
2026-07-07T14:08:51.563629,209450,1157746,1157728,120.0,85.0
2026-07-07T14:08:51.628535,209451,1157736,1157732,120.0,85.0
2026-07-07T14:08:51.629467,209452,1157732,1157736,120.0,85.0
2026-07-07T14:08:51.629850,209453,1157738,1157732,120.0,85.0
2026-07-07T14:08:51.630352,209454,1157734,1157730,120.0,85.0
2026-07-07T14:08:51.631557,209455,1157735,1157727,120.0,85.0
2026-07-07T14:08:51.631920,209456,1157728,1157729,120.0,85.0
2026-07-07T14:08:51.632182,209457,1157726,1157735,120.0,85.0
2026-07-07T14:08:51.688065,209458,1157732,1157739,120.0,85.0
2026-07-07T14:08:51.689061,209459,1157743,1157740,120.0,85.0
2026-07-07T14:08:51.690915,209460,1157740,1157737,120.0,85.1
2026-07-07T14:08:51.691378,209461,1157735,1157735,120.0,85.1
2026-07-07T14:08:51.691780,209462,1157732,1157738,120.0,85.1
2026-07-07T14:08:51.692212,209463,1157736,1157739,120.0,85.1
2026-07-07T14:08:51.750091,209464,1157731,1157738,120.0,85.1
2026-07-07T14:08:51.751696,209465,1157732,1157744,176.5,85.4
2026-07-07T14:08:51.752422,209466,1157736,1157747,176.5,85.4
2026-07-07T14:08:51.753032,209467,1157731,1157743,176.5,85.4
2026-07-07T14:08:51.753462,209468,1157725,1157742,176.5,85.4
2026-07-07T14:08:51.753837,209469,1157725,1157751,176.5,85.4
2026-07-07T14:08:51.754789,209470,1157729,1157744,,86.5
2026-07-07T14:08:51.812907,209471,1157726,1157745,,86.5
2026-07-07T14:08:51.813614,209472,1157719,1157752,,86.5
2026-07-07T14:08:51.814199,209473,1157726,1157750,,86.5
2026-07-07T14:08:51.814665,209474,1157714,1157756,,86.5
2026-07-07T14:08:51.815484,209475,1157709,1157756,,84.7
2026-07-07T14:08:51.815891,209476,1157725,1157749,,84.7
2026-07-07T14:08:51.871775,209477,1157714,1157745,,84.7
2026-07-07T14:08:51.872665,209478,1157705,1157746,,84.7
2026-07-07T14:08:51.873299,209479,1157708,1157745,,84.7
2026-07-07T14:08:51.874350,209480,1157704,1157754,,84.7
2026-07-07T14:08:51.874950,209481,1157697,1157746,,84.7
2026-07-07T14:08:51.875493,209482,1157691,1157736,,84.7
2026-07-07T14:08:51.931530,209483,1157680,1157732,,84.7
2026-07-07T14:08:51.931790,209484,1157670,1157738,,84.7
2026-07-07T14:08:51.932602,209485,1157664,1157734,187.5,85.1
2026-07-07T14:08:51.932886,209486,1157672,1157735,187.5,85.1
2026-07-07T14:08:51.933126,209487,1157653,1157728,187.5,85.1
2026-07-07T14:08:51.994327,209488,1157655,1157726,187.5,85.1
2026-07-07T14:08:51.995168,209489,1157648,1157732,187.5,85.1
2026-07-07T14:08:51.997902,209490,1157646,1157743,187.5,85.5
2026-07-07T14:08:51.998430,209491,1157656,1157740,187.5,85.5
2026-07-07T14:08:51.998867,209492,1157650,1157735,187.5,85.5
2026-07-07T14:08:51.999215,209493,1157660,1157732,187.5,85.5
2026-07-07T14:08:51.999416,209494,1157662,1157736,187.5,85.5
2026-07-07T14:08:52.056842,209495,1157658,1157731,187.5,84.8
2026-07-07T14:08:52.057272,209496,1157657,1157732,187.5,84.8
2026-07-07T14:08:52.057622,209497,1157658,1157736,187.5,84.8
2026-07-07T14:08:52.057941,209498,1157659,1157731,187.5,84.8
2026-07-07T14:08:52.058288,209499,1157668,1157725,187.5,84.8
2026-07-07T14:08:52.059486,209500,1157663,1157725,187.5,83.8
2026-07-07T14:08:52.119454,209501,1157665,1157667,187.5,83.8
2026-07-07T14:08:52.119987,209502,1157657,1157660,187.5,83.8
2026-07-07T14:08:52.120334,209503,1157665,1157672,187.5,83.8
2026-07-07T14:08:52.120632,209504,1157709,1157709,187.5,83.8
2026-07-07T14:08:52.121560,209505,1157654,1157725,181.8,83.2
2026-07-07T14:08:52.178801,209506,1157666,1157714,181.8,83.2
2026-07-07T14:08:52.179359,209507,1157665,1157705,181.8,83.2
2026-07-07T14:08:52.179845,209508,1157655,1157708,181.8,83.2
2026-07-07T14:08:52.180286,209509,1157658,1157704,181.8,83.2
2026-07-07T14:08:52.181478,209510,1157656,1157697,117.6,85.5
2026-07-07T14:08:52.241728,209511,1157653,1157691,117.6,85.5
2026-07-07T14:08:52.242041,209512,1157656,1157680,117.6,85.5
2026-07-07T14:08:52.242291,209513,1157657,1157670,117.6,85.5
2026-07-07T14:08:52.242534,209514,1157661,1157664,117.6,85.5
2026-07-07T14:08:52.243543,209515,1157645,1157672,117.6,85.0
2026-07-07T14:08:52.243859,209516,1157644,1157653,117.6,85.0
2026-07-07T14:08:52.244103,209517,1157660,1157655,117.6,85.0
2026-07-07T14:08:52.303455,209518,1157659,1157648,117.6,85.0
2026-07-07T14:08:52.304095,209519,1157662,1157646,117.6,85.0
2026-07-07T14:08:52.305625,209520,1157648,1157656,117.6,84.5
2026-07-07T14:08:52.306122,209521,1157650,1157650,117.6,84.5
2026-07-07T14:08:52.306598,209522,1157654,1157660,117.6,84.5
2026-07-07T14:08:52.307154,209523,1157648,1157662,117.6,84.5
2026-07-07T14:08:52.364530,209524,1157646,1157658,117.6,84.5
2026-07-07T14:08:52.366329,209525,1157649,1157657,176.5,84.5
2026-07-07T14:08:52.366857,209526,1157646,1157658,176.5,84.5
2026-07-07T14:08:52.367311,209527,1157653,1157659,176.5,84.5
2026-07-07T14:08:52.367816,209528,1157646,1157668,176.5,84.5
2026-07-07T14:08:52.368252,209529,1157646,1157663,176.5,84.5
2026-07-07T14:08:52.426374,209530,1157633,1157665,142.9,84.5
2026-07-07T14:08:52.427018,209531,1157643,1157667,142.9,84.5
2026-07-07T14:08:52.427491,209532,1157646,1157657,142.9,84.5
2026-07-07T14:08:52.428172,209533,1157639,1157660,142.9,84.5
2026-07-07T14:08:52.428624,209534,1157631,1157665,142.9,84.5
2026-07-07T14:08:52.430234,209535,1157637,1157672,142.9,84.5
2026-07-07T14:08:52.486274,209536,1157634,1157654,142.9,84.5
2026-07-07T14:08:52.487023,209537,1157625,1157666,142.9,84.5
2026-07-07T14:08:52.487500,209538,1157618,1157665,142.9,84.5
2026-07-07T14:08:52.488078,209539,1157614,1157655,142.9,84.5
2026-07-07T14:08:52.489348,209540,1157618,1157658,187.5,84.7
2026-07-07T14:08:52.489699,209541,1157621,1157656,187.5,84.7
2026-07-07T14:08:52.548091,209542,1157620,1157653,187.5,84.7
2026-07-07T14:08:52.548765,209543,1157615,1157656,187.5,84.7
2026-07-07T14:08:52.549235,209544,1157612,1157657,187.5,84.7
2026-07-07T14:08:52.550851,209545,1157609,1157661,187.5,84.1
2026-07-07T14:08:52.551366,209546,1157604,1157645,187.5,84.1
2026-07-07T14:08:52.551825,209547,1157594,1157644,187.5,84.1
2026-07-07T14:08:52.607884,209548,1157582,1157660,187.5,84.1
2026-07-07T14:08:52.608500,209549,1157582,1157659,187.5,84.1
2026-07-07T14:08:52.610673,209550,1157581,1157662,187.5,84.1
2026-07-07T14:08:52.611235,209551,1157583,1157648,187.5,84.1
2026-07-07T14:08:52.611749,209552,1157584,1157650,187.5,84.1
2026-07-07T14:08:52.612222,209553,1157575,1157654,187.5,84.1
2026-07-07T14:08:52.668782,209554,1157566,1157648,187.5,84.1
2026-07-07T14:08:52.669882,209555,1157559,1157646,187.5,84.1
2026-07-07T14:08:52.670157,209556,1157557,1157649,187.5,84.1
2026-07-07T14:08:52.670392,209557,1157564,1157646,187.5,84.1
2026-07-07T14:08:52.670643,209558,1157555,1157653,187.5,84.1
2026-07-07T14:08:52.670857,209559,1157561,1157646,187.5,84.1
2026-07-07T14:08:52.730873,209560,1157557,1157646,187.5,84.1
2026-07-07T14:08:52.731414,209561,1157556,1157633,187.5,84.1
2026-07-07T14:08:52.731855,209562,1157564,1157643,187.5,84.1
2026-07-07T14:08:52.732305,209563,1157563,1157646,187.5,84.1
2026-07-07T14:08:52.732693,209564,1157563,1157639,187.5,84.1
2026-07-07T14:08:52.733933,209565,1157569,1157631,120.0,84.1
2026-07-07T14:08:52.734362,209566,1157570,1157637,120.0,84.1
2026-07-07T14:08:52.791338,209567,1157572,1157634,120.0,84.1
2026-07-07T14:08:52.791806,209568,1157579,1157625,120.0,84.1
2026-07-07T14:08:52.792188,209569,1157585,1157618,120.0,84.1
2026-07-07T14:08:52.793286,209570,1157576,1157614,120.0,84.1
2026-07-07T14:08:52.793587,209571,1157577,1157618,120.0,84.1
2026-07-07T14:08:52.854104,209572,1157577,1157621,120.0,84.1
2026-07-07T14:08:52.854915,209573,1157572,1157620,120.0,84.1
2026-07-07T14:08:52.855540,209574,1157577,1157615,120.0,84.1
2026-07-07T14:08:52.857830,209575,1157572,1157612,142.9,84.1
2026-07-07T14:08:52.858878,209576,1157574,1157609,142.9,84.1
2026-07-07T14:08:52.859705,209577,1157565,1157604,142.9,84.1
2026-07-07T14:08:52.860401,209578,1157555,1157594,142.9,84.1
2026-07-07T14:08:52.915618,209579,1157560,1157582,142.9,84.1
2026-07-07T14:08:52.916424,209580,1157566,1157582,117.6,84.1
2026-07-07T14:08:52.916652,209581,1157565,1157581,117.6,84.1
2026-07-07T14:08:52.916874,209582,1157554,1157583,117.6,84.1
2026-07-07T14:08:52.917088,209583,1157558,1157584,117.6,84.1
2026-07-07T14:08:52.917287,209584,1157558,1157575,117.6,84.1
2026-07-07T14:08:52.980006,209585,1157560,1157566,117.6,84.1
2026-07-07T14:08:52.980889,209586,1157575,1157559,117.6,84.1
2026-07-07T14:08:52.981597,209587,1157565,1157557,117.6,84.1
2026-07-07T14:08:52.982157,209588,1157552,1157564,117.6,84.1
2026-07-07T14:08:52.982608,209589,1157558,1157555,117.6,84.1
2026-07-07T14:08:52.983797,209590,1157551,1157561,142.9,84.1
2026-07-07T14:08:52.984111,209591,1157561,1157557,142.9,84.1
2026-07-07T14:08:53.039983,209592,1157560,1157556,142.9,84.1
2026-07-07T14:08:53.041006,209593,1157548,1157564,142.9,84.1
2026-07-07T14:08:53.041631,209594,1157557,1157563,142.9,84.1
2026-07-07T14:08:53.043021,209595,1157543,1157563,120.0,84.1
2026-07-07T14:08:53.043372,209596,1157551,1157569,120.0,84.1
2026-07-07T14:08:53.043687,209597,1157547,1157570,120.0,84.1
2026-07-07T14:08:53.099307,209598,1157547,1157572,120.0,84.1
2026-07-07T14:08:53.099668,209599,1157554,1157579,120.0,84.1
2026-07-07T14:08:53.100776,209600,1157543,1157585,120.0,84.1
2026-07-07T14:08:53.101115,209601,1157547,1157576,120.0,84.1
2026-07-07T14:08:53.101441,209602,1157554,1157577,120.0,84.1
2026-07-07T14:08:53.161660,209603,1157548,1157577,120.0,84.1
2026-07-07T14:08:53.162417,209604,1157544,1157572,120.0,84.1
2026-07-07T14:08:53.164903,209605,1157547,1157577,176.5,84.1
2026-07-07T14:08:53.165601,209606,1157541,1157572,176.5,84.1
2026-07-07T14:08:53.166093,209607,1157552,1157574,176.5,84.1
2026-07-07T14:08:53.166608,209608,1157549,1157565,176.5,84.1
2026-07-07T14:08:53.167034,209609,1157542,1157555,176.5,84.1
2026-07-07T14:08:53.223228,209610,1157526,1157560,187.5,83.9
2026-07-07T14:08:53.223750,209611,1157542,1157566,187.5,83.9
2026-07-07T14:08:53.224159,209612,1157537,1157565,187.5,83.9
2026-07-07T14:08:53.224560,209613,1157531,1157554,187.5,83.9
2026-07-07T14:08:53.224949,209614,1157529,1157558,187.5,83.9
2026-07-07T14:08:53.226181,209615,1157520,1157558,176.5,83.9
2026-07-07T14:08:53.284106,209616,1157513,1157560,176.5,83.9
2026-07-07T14:08:53.284844,209617,1157514,1157575,176.5,83.9
2026-07-07T14:08:53.285366,209618,1157517,1157565,176.5,83.9
2026-07-07T14:08:53.285798,209619,1157515,1157552,176.5,83.9
2026-07-07T14:08:53.287211,209620,1157502,1157558,176.5,83.9
2026-07-07T14:08:53.287572,209621,1157494,1157551,176.5,83.9
2026-07-07T14:08:53.346314,209622,1157497,1157561,176.5,83.9
2026-07-07T14:08:53.347314,209623,1157488,1157560,176.5,83.9
2026-07-07T14:08:53.347913,209624,1157493,1157548,176.5,83.9
2026-07-07T14:08:53.349635,209625,1157489,1157557,176.5,83.9
2026-07-07T14:08:53.350114,209626,1157490,1157543,176.5,83.9
2026-07-07T14:08:53.350570,209627,1157483,1157551,176.5,83.9
2026-07-07T14:08:53.408209,209628,1157488,1157547,176.5,83.9
2026-07-07T14:08:53.408763,209629,1157494,1157547,176.5,83.9
2026-07-07T14:08:53.410484,209630,1157486,1157554,187.5,83.9
2026-07-07T14:08:53.410971,209631,1157487,1157543,187.5,83.9
2026-07-07T14:08:53.411361,209632,1157481,1157547,187.5,83.9
2026-07-07T14:08:53.411703,209633,1157490,1157554,187.5,83.9
2026-07-07T14:08:53.411999,209634,1157490,1157548,187.5,83.9
2026-07-07T14:08:53.470419,209635,1157498,1157544,187.5,83.9
2026-07-07T14:08:53.470840,209636,1157498,1157547,187.5,83.9
2026-07-07T14:08:53.471142,209637,1157492,1157541,187.5,83.9
2026-07-07T14:08:53.471408,209638,1157499,1157552,187.5,83.9
2026-07-07T14:08:53.471664,209639,1157495,1157549,187.5,83.9
2026-07-07T14:08:53.533126,209640,1157499,1157542,187.5,83.9
2026-07-07T14:08:53.533635,209641,1157502,1157526,187.5,83.9
2026-07-07T14:08:53.534070,209642,1157501,1157542,187.5,83.9
2026-07-07T14:08:53.534411,209643,1157498,1157537,187.5,83.9
2026-07-07T14:08:53.534805,209644,1157496,1157531,187.5,83.9
2026-07-07T14:08:53.535695,209645,1157489,1157529,176.5,83.9
2026-07-07T14:08:53.535951,209646,1157493,1157520,176.5,83.9
2026-07-07T14:08:53.592422,209647,1157491,1157513,176.5,83.9
2026-07-07T14:08:53.593186,209648,1157485,1157514,176.5,83.9
2026-07-07T14:08:53.593975,209649,1157496,1157517,176.5,83.9
2026-07-07T14:08:53.595853,209650,1157488,1157515,176.5,83.9
2026-07-07T14:08:53.596392,209651,1157505,1157502,176.5,83.9
2026-07-07T14:08:53.596859,209652,1157505,1157494,176.5,83.9
2026-07-07T14:08:53.653512,209653,1157502,1157497,176.5,83.9
2026-07-07T14:08:53.654051,209654,1157490,1157488,176.5,83.9
2026-07-07T14:08:53.655494,209655,1157483,1157493,176.5,83.9
2026-07-07T14:08:53.655984,209656,1157493,1157489,176.5,83.9
2026-07-07T14:08:53.656747,209657,1157491,1157490,176.5,83.9
2026-07-07T14:08:53.657172,209658,1157489,1157483,176.5,83.9
2026-07-07T14:08:53.714861,209659,1157493,1157488,176.5,83.9
2026-07-07T14:08:53.716258,209660,1157484,1157494,153.8,83.9
2026-07-07T14:08:53.716647,209661,1157485,1157486,153.8,83.9
2026-07-07T14:08:53.716964,209662,1157474,1157487,153.8,83.9
2026-07-07T14:08:53.717243,209663,1157478,1157481,153.8,83.9
2026-07-07T14:08:53.717505,209664,1157481,1157490,153.8,83.9
2026-07-07T14:08:53.780310,209665,1157476,1157490,176.5,83.9
2026-07-07T14:08:53.780940,209666,1157482,1157498,176.5,83.9
2026-07-07T14:08:53.781422,209667,1157472,1157498,176.5,83.9
2026-07-07T14:08:53.781908,209668,1157489,1157492,176.5,83.9
2026-07-07T14:08:53.782412,209669,1157484,1157499,176.5,83.9
2026-07-07T14:08:53.784277,209670,1157474,1157495,176.5,83.9
2026-07-07T14:08:53.841196,209671,1157476,1157499,176.5,83.9
2026-07-07T14:08:53.841954,209672,1157473,1157502,176.5,83.9
2026-07-07T14:08:53.842557,209673,1157479,1157501,176.5,83.9
2026-07-07T14:08:53.843146,209674,1157482,1157498,176.5,83.9
2026-07-07T14:08:53.845023,209675,1157476,1157496,187.5,83.9
2026-07-07T14:08:53.845516,209676,1157474,1157489,187.5,83.9
2026-07-07T14:08:53.845920,209677,1157477,1157493,187.5,83.9
2026-07-07T14:08:53.903639,209678,1157480,1157491,187.5,83.9
2026-07-07T14:08:53.903924,209679,1157463,1157485,187.5,83.9
2026-07-07T14:08:53.904705,209680,1157464,1157496,187.5,83.4
2026-07-07T14:08:53.904965,209681,1157465,1157488,187.5,83.4
2026-07-07T14:08:53.905189,209682,1157455,1157505,187.5,83.4
2026-07-07T14:08:53.905391,209683,1157450,1157505,187.5,83.4
2026-07-07T14:08:53.966258,209684,1157458,1157502,187.5,83.4
2026-07-07T14:08:53.968181,209685,1157453,1157490,153.8,81.9
2026-07-07T14:08:53.968693,209686,1157442,1157483,153.8,81.9
2026-07-07T14:08:53.969301,209687,1157422,1157493,153.8,81.9
2026-07-07T14:08:53.969792,209688,1157421,1157491,153.8,81.9
2026-07-07T14:08:53.970174,209689,1157422,1157489,153.8,81.9
2026-07-07T14:08:54.028799,209690,1157418,1157493,176.5,82.3
2026-07-07T14:08:54.029614,209691,1157420,1157484,176.5,82.3
2026-07-07T14:08:54.030226,209692,1157416,1157485,176.5,82.3
2026-07-07T14:08:54.030760,209693,1157413,1157474,176.5,82.3
2026-07-07T14:08:54.030998,209694,1157417,1157478,176.5,82.3
2026-07-07T14:08:54.031734,209695,1157416,1157481,153.8,82.3
2026-07-07T14:08:54.031959,209696,1157417,1157476,153.8,82.3
2026-07-07T14:08:54.087632,209697,1157414,1157482,153.8,82.3
2026-07-07T14:08:54.088364,209698,1157416,1157472,153.8,82.3
2026-07-07T14:08:54.089197,209699,1157424,1157489,153.8,82.3
2026-07-07T14:08:54.090658,209700,1157422,1157484,176.5,83.6
2026-07-07T14:08:54.091026,209701,1157423,1157474,176.5,83.6
2026-07-07T14:08:54.091346,209702,1157420,1157476,176.5,83.6
2026-07-07T14:08:54.146841,209703,1157418,1157473,176.5,83.6
2026-07-07T14:08:54.147738,209704,1157414,1157479,176.5,83.6
2026-07-07T14:08:54.149559,209705,1157414,1157482,157.9,82.1
2026-07-07T14:08:54.149957,209706,1157423,1157476,157.9,82.1
2026-07-07T14:08:54.150335,209707,1157421,1157474,157.9,82.1
2026-07-07T14:08:54.207128,209708,1157417,1157477,157.9,82.1
2026-07-07T14:08:54.207637,209709,1157413,1157480,157.9,82.1
2026-07-07T14:08:54.209215,209710,1157412,1157463,157.9,83.5
2026-07-07T14:08:54.209645,209711,1157416,1157464,157.9,83.5
2026-07-07T14:08:54.210035,209712,1157408,1157465,157.9,83.5
2026-07-07T14:08:54.210409,209713,1157405,1157455,157.9,83.5
2026-07-07T14:08:54.269280,209714,1157406,1157450,157.9,83.5
2026-07-07T14:08:54.270920,209715,1157400,1157458,157.9,85.7
2026-07-07T14:08:54.271334,209716,1157400,1157453,157.9,85.7
2026-07-07T14:08:54.271686,209717,1157404,1157442,157.9,85.7
2026-07-07T14:08:54.272117,209718,1157414,1157422,157.9,85.7
2026-07-07T14:08:54.272457,209719,1157406,1157421,157.9,85.7
2026-07-07T14:08:54.332634,209720,1157405,1157422,157.9,83.7
2026-07-07T14:08:54.333376,209721,1157396,1157418,157.9,83.7
2026-07-07T14:08:54.333892,209722,1157395,1157420,157.9,83.7
2026-07-07T14:08:54.334293,209723,1157393,1157416,157.9,83.7
2026-07-07T14:08:54.334637,209724,1157394,1157413,157.9,83.7
2026-07-07T14:08:54.335810,209725,1157388,1157417,157.9,85.1
2026-07-07T14:08:54.336108,209726,1157389,1157416,157.9,85.1
2026-07-07T14:08:54.391832,209727,1157386,1157417,157.9,85.1
2026-07-07T14:08:54.392357,209728,1157389,1157414,157.9,85.1
2026-07-07T14:08:54.392773,209729,1157386,1157416,157.9,85.1
2026-07-07T14:08:54.393846,209730,1157384,1157424,157.9,85.0
2026-07-07T14:08:54.394130,209731,1157382,1157422,157.9,85.0
2026-07-07T14:08:54.394387,209732,1157382,1157423,157.9,85.0
2026-07-07T14:08:54.453335,209733,1157384,1157420,157.9,85.0
2026-07-07T14:08:54.454017,209734,1157386,1157418,157.9,85.0
2026-07-07T14:08:54.455521,209735,1157388,1157414,157.9,85.0
2026-07-07T14:08:54.455939,209736,1157376,1157414,157.9,85.0
2026-07-07T14:08:54.456233,209737,1157372,1157423,157.9,85.0
2026-07-07T14:08:54.456491,209738,1157374,1157421,157.9,85.0
2026-07-07T14:08:54.515347,209739,1157377,1157417,157.9,85.0
2026-07-07T14:08:54.517292,209740,1157376,1157413,157.9,85.0
2026-07-07T14:08:54.517763,209741,1157371,1157412,157.9,85.0
2026-07-07T14:08:54.518130,209742,1157368,1157416,157.9,85.0
2026-07-07T14:08:54.518476,209743,1157367,1157408,157.9,85.0
2026-07-07T14:08:54.518816,209744,1157366,1157405,157.9,85.0
2026-07-07T14:08:54.575955,209745,1157372,1157406,157.9,85.0
2026-07-07T14:08:54.576516,209746,1157368,1157400,157.9,85.0
2026-07-07T14:08:54.577010,209747,1157371,1157400,157.9,85.0
2026-07-07T14:08:54.577504,209748,1157363,1157404,157.9,85.0
2026-07-07T14:08:54.578088,209749,1157351,1157414,157.9,85.0
2026-07-07T14:08:54.579216,209750,1157362,1157406,157.9,85.0
2026-07-07T14:08:54.636967,209751,1157363,1157405,157.9,85.0
2026-07-07T14:08:54.637594,209752,1157360,1157396,157.9,85.0
2026-07-07T14:08:54.638170,209753,1157350,1157395,157.9,85.0
2026-07-07T14:08:54.638703,209754,1157340,1157393,157.9,85.0
2026-07-07T14:08:54.639913,209755,1157330,1157394,157.9,85.0
2026-07-07T14:08:54.640291,209756,1157324,1157388,157.9,85.0
2026-07-07T14:08:54.699256,209757,1157316,1157389,157.9,85.0
2026-07-07T14:08:54.699822,209758,1157330,1157386,157.9,85.0
2026-07-07T14:08:54.700180,209759,1157318,1157389,157.9,85.0
2026-07-07T14:08:54.701761,209760,1157320,1157386,157.9,86.9
2026-07-07T14:08:54.702070,209761,1157319,1157384,157.9,86.9
2026-07-07T14:08:54.702318,209762,1157320,1157382,157.9,86.9
2026-07-07T14:08:54.702554,209763,1157310,1157382,157.9,86.9
2026-07-07T14:08:54.759761,209764,1157319,1157384,157.9,86.9
2026-07-07T14:08:54.761351,209765,1157327,1157386,157.9,87.5
2026-07-07T14:08:54.761783,209766,1157321,1157388,157.9,87.5
2026-07-07T14:08:54.762144,209767,1157327,1157376,157.9,87.5
2026-07-07T14:08:54.762460,209768,1157331,1157372,157.9,87.5
2026-07-07T14:08:54.819876,209769,1157334,1157374,157.9,87.5
2026-07-07T14:08:54.821880,209770,1157326,1157377,157.9,87.6
2026-07-07T14:08:54.822422,209771,1157323,1157376,157.9,87.6
2026-07-07T14:08:54.822837,209772,1157329,1157371,157.9,87.6
2026-07-07T14:08:54.823193,209773,1157333,1157368,157.9,87.6
2026-07-07T14:08:54.823596,209774,1157332,1157367,157.9,87.6
2026-07-07T14:08:54.880675,209775,1157327,1157366,146.3,87.6
2026-07-07T14:08:54.881035,209776,1157323,1157372,146.3,87.6
2026-07-07T14:08:54.881377,209777,1157319,1157368,146.3,87.6
2026-07-07T14:08:54.881758,209778,1157328,1157371,146.3,87.6
2026-07-07T14:08:54.882062,209779,1157326,1157363,146.3,87.6
2026-07-07T14:08:54.882896,209780,1157322,1157351,146.3,87.6
2026-07-07T14:08:54.940747,209781,1157328,1157362,146.3,87.6
2026-07-07T14:08:54.941082,209782,1157324,1157363,146.3,87.6
2026-07-07T14:08:54.941342,209783,1157325,1157360,146.3,87.6
2026-07-07T14:08:54.941756,209784,1157330,1157350,146.3,87.6
2026-07-07T14:08:54.942638,209785,1157337,1157340,157.9,87.6
2026-07-07T14:08:54.942906,209786,1157329,1157330,157.9,87.6
2026-07-07T14:08:55.002352,209787,1157324,1157324,157.9,87.6
2026-07-07T14:08:55.002843,209788,1157323,1157316,157.9,87.6
2026-07-07T14:08:55.003198,209789,1157317,1157330,157.9,87.6
2026-07-07T14:08:55.004252,209790,1157313,1157318,157.9,86.2
2026-07-07T14:08:55.004509,209791,1157319,1157320,157.9,86.2
2026-07-07T14:08:55.004750,209792,1157316,1157319,157.9,86.2
2026-07-07T14:08:55.004959,209793,1157313,1157320,157.9,86.2
2026-07-07T14:08:55.062360,209794,1157315,1157310,157.9,86.2
2026-07-07T14:08:55.064145,209795,1157320,1157319,157.9,86.1
2026-07-07T14:08:55.064567,209796,1157307,1157327,157.9,86.1
2026-07-07T14:08:55.064978,209797,1157306,1157321,157.9,86.1
2026-07-07T14:08:55.065399,209798,1157311,1157327,157.9,86.1
2026-07-07T14:08:55.065753,209799,1157302,1157331,157.9,86.1
2026-07-07T14:08:55.126733,209800,1157313,1157334,157.9,85.0
2026-07-07T14:08:55.127302,209801,1157312,1157326,157.9,85.0
2026-07-07T14:08:55.127692,209802,1157308,1157323,157.9,85.0
2026-07-07T14:08:55.128017,209803,1157306,1157329,157.9,85.0
2026-07-07T14:08:55.128381,209804,1157312,1157333,157.9,85.0
2026-07-07T14:08:55.129479,209805,1157308,1157332,157.9,85.0
2026-07-07T14:08:55.187116,209806,1157307,1157327,157.9,85.0
2026-07-07T14:08:55.187606,209807,1157303,1157323,157.9,85.0
2026-07-07T14:08:55.188068,209808,1157303,1157319,157.9,85.0
2026-07-07T14:08:55.188481,209809,1157291,1157328,157.9,85.0
2026-07-07T14:08:55.189858,209810,1157300,1157326,157.9,85.0
2026-07-07T14:08:55.190206,209811,1157296,1157322,157.9,85.0
2026-07-07T14:08:55.247709,209812,1157293,1157328,157.9,85.0
2026-07-07T14:08:55.248230,209813,1157301,1157324,157.9,85.0
2026-07-07T14:08:55.248733,209814,1157291,1157325,157.9,85.0
2026-07-07T14:08:55.249837,209815,1157285,1157330,157.9,85.0
2026-07-07T14:08:55.250137,209816,1157293,1157337,157.9,85.0
2026-07-07T14:08:55.250430,209817,1157304,1157329,157.9,85.0
2026-07-07T14:08:55.310727,209818,1157301,1157324,157.9,85.0
2026-07-07T14:08:55.311430,209819,1157287,1157323,157.9,85.0
2026-07-07T14:08:55.312803,209820,1157288,1157317,157.9,85.0
2026-07-07T14:08:55.313145,209821,1157286,1157313,157.9,85.0
2026-07-07T14:08:55.313469,209822,1157277,1157319,157.9,85.0
2026-07-07T14:08:55.313744,209823,1157272,1157316,157.9,85.0
2026-07-07T14:08:55.313999,209824,1157271,1157313,157.9,85.0
2026-07-07T14:08:55.372937,209825,1157263,1157315,157.9,85.0
2026-07-07T14:08:55.373358,209826,1157257,1157320,157.9,85.0
2026-07-07T14:08:55.373688,209827,1157258,1157307,157.9,85.0
2026-07-07T14:08:55.373979,209828,1157255,1157306,157.9,85.0
2026-07-07T14:08:55.374247,209829,1157247,1157311,157.9,85.0
2026-07-07T14:08:55.375025,209830,1157244,1157302,157.9,85.3
2026-07-07T14:08:55.433052,209831,1157251,1157313,157.9,85.3
2026-07-07T14:08:55.433476,209832,1157253,1157312,157.9,85.3
2026-07-07T14:08:55.433796,209833,1157257,1157308,157.9,85.3
2026-07-07T14:08:55.434095,209834,1157263,1157306,157.9,85.3
2026-07-07T14:08:55.434987,209835,1157261,1157312,157.9,85.3
2026-07-07T14:08:55.495578,209836,1157262,1157308,157.9,85.3
2026-07-07T14:08:55.496349,209837,1157253,1157307,157.9,85.3
2026-07-07T14:08:55.496956,209838,1157263,1157303,157.9,85.3
2026-07-07T14:08:55.497631,209839,1157264,1157303,157.9,85.3
2026-07-07T14:08:55.499072,209840,1157261,1157291,153.8,83.1
2026-07-07T14:08:55.499405,209841,1157259,1157300,153.8,83.1
2026-07-07T14:08:55.499878,209842,1157258,1157296,153.8,83.1
2026-07-07T14:08:55.555829,209843,1157260,1157293,153.8,83.1
2026-07-07T14:08:55.556104,209844,1157256,1157301,153.8,83.1
2026-07-07T14:08:55.556825,209845,1157269,1157291,146.3,85.3
2026-07-07T14:08:55.557080,209846,1157263,1157285,146.3,85.3
2026-07-07T14:08:55.557341,209847,1157248,1157293,146.3,85.3
2026-07-07T14:08:55.557552,209848,1157250,1157304,146.3,85.3
2026-07-07T14:08:55.620148,209849,1157260,1157301,146.3,85.3
2026-07-07T14:08:55.621948,209850,1157269,1157287,150.0,85.3
2026-07-07T14:08:55.622561,209851,1157263,1157288,150.0,85.3
2026-07-07T14:08:55.623290,209852,1157265,1157286,150.0,85.3
2026-07-07T14:08:55.623928,209853,1157257,1157277,150.0,85.3
2026-07-07T14:08:55.624498,209854,1157253,1157272,150.0,85.3
2026-07-07T14:08:55.625643,209855,1157257,1157271,150.0,85.3
2026-07-07T14:08:55.682320,209856,1157262,1157263,150.0,85.3
2026-07-07T14:08:55.683001,209857,1157253,1157257,150.0,85.3
2026-07-07T14:08:55.683428,209858,1157257,1157258,150.0,85.3
2026-07-07T14:08:55.683774,209859,1157249,1157255,150.0,85.3
2026-07-07T14:08:55.684981,209860,1157257,1157247,150.0,85.0
2026-07-07T14:08:55.685287,209861,1157262,1157244,150.0,85.0
2026-07-07T14:08:55.743073,209862,1157256,1157251,150.0,85.0
2026-07-07T14:08:55.743592,209863,1157251,1157253,150.0,85.0
2026-07-07T14:08:55.744167,209864,1157246,1157257,150.0,85.0
2026-07-07T14:08:55.745424,209865,1157253,1157263,150.0,85.0
2026-07-07T14:08:55.745873,209866,1157254,1157261,150.0,85.0
2026-07-07T14:08:55.746283,209867,1157255,1157262,150.0,85.0
2026-07-07T14:08:55.805875,209868,1157258,1157253,150.0,85.0
2026-07-07T14:08:55.806515,209869,1157245,1157263,150.0,85.0
2026-07-07T14:08:55.808123,209870,1157252,1157264,150.0,85.2
2026-07-07T14:08:55.808650,209871,1157242,1157261,150.0,85.2
2026-07-07T14:08:55.809133,209872,1157250,1157259,150.0,85.2
2026-07-07T14:08:55.809480,209873,1157254,1157258,150.0,85.2
2026-07-07T14:08:55.868058,209874,1157251,1157260,150.0,85.2
2026-07-07T14:08:55.870309,209875,1157240,1157256,157.9,85.8
2026-07-07T14:08:55.870796,209876,1157232,1157269,157.9,85.8
2026-07-07T14:08:55.871211,209877,1157236,1157263,157.9,85.8
2026-07-07T14:08:55.871585,209878,1157233,1157248,157.9,85.8
2026-07-07T14:08:55.871907,209879,1157236,1157250,157.9,85.8
2026-07-07T14:08:55.929071,209880,1157229,1157260,157.9,85.0
2026-07-07T14:08:55.929337,209881,1157230,1157269,157.9,85.0
2026-07-07T14:08:55.929689,209882,1157230,1157263,157.9,85.0
2026-07-07T14:08:55.929935,209883,1157245,1157265,157.9,85.0
2026-07-07T14:08:55.930147,209884,1157240,1157257,157.9,85.0
2026-07-07T14:08:55.930794,209885,1157242,1157253,157.9,85.0
2026-07-07T14:08:55.992538,209886,1157240,1157257,157.9,85.0
2026-07-07T14:08:55.993693,209887,1157233,1157262,157.9,85.0
2026-07-07T14:08:55.994640,209888,1157234,1157253,157.9,85.0
2026-07-07T14:08:55.995405,209889,1157230,1157257,157.9,85.0
2026-07-07T14:08:55.997402,209890,1157224,1157249,176.5,85.0
2026-07-07T14:08:55.997897,209891,1157221,1157257,176.5,85.0
2026-07-07T14:08:55.998308,209892,1157212,1157262,176.5,85.0
2026-07-07T14:08:56.052031,209893,1157204,1157256,176.5,85.0
2026-07-07T14:08:56.052567,209894,1157199,1157251,176.5,85.0
2026-07-07T14:08:56.054229,209895,1157198,1157246,162.2,85.0
2026-07-07T14:08:56.054799,209896,1157186,1157253,162.2,85.0
2026-07-07T14:08:56.055293,209897,1157186,1157254,162.2,85.0
2026-07-07T14:08:56.055726,209898,1157191,1157255,162.2,85.0
2026-07-07T14:08:56.115721,209899,1157180,1157258,162.2,85.0
2026-07-07T14:08:56.117140,209900,1157187,1157245,157.9,84.6
2026-07-07T14:08:56.117508,209901,1157189,1157252,157.9,84.6
2026-07-07T14:08:56.117808,209902,1157183,1157242,157.9,84.6
2026-07-07T14:08:56.118062,209903,1157188,1157250,157.9,84.6
2026-07-07T14:08:56.118298,209904,1157188,1157254,157.9,84.6
2026-07-07T14:08:56.177892,209905,1157193,1157251,157.9,84.7
2026-07-07T14:08:56.178339,209906,1157200,1157240,157.9,84.7
2026-07-07T14:08:56.178696,209907,1157201,1157232,157.9,84.7
2026-07-07T14:08:56.179066,209908,1157190,1157236,157.9,84.7
2026-07-07T14:08:56.179351,209909,1157187,1157233,157.9,84.7
2026-07-07T14:08:56.180184,209910,1157198,1157236,153.8,85.0
2026-07-07T14:08:56.237723,209911,1157196,1157229,153.8,85.0
2026-07-07T14:08:56.238253,209912,1157197,1157230,153.8,85.0
2026-07-07T14:08:56.238656,209913,1157193,1157230,153.8,85.0
2026-07-07T14:08:56.239070,209914,1157183,1157245,153.8,85.0
2026-07-07T14:08:56.240526,209915,1157184,1157240,150.0,85.0
2026-07-07T14:08:56.241021,209916,1157194,1157242,150.0,85.0
2026-07-07T14:08:56.297741,209917,1157202,1157240,150.0,85.0
2026-07-07T14:08:56.298291,209918,1157195,1157233,150.0,85.0
2026-07-07T14:08:56.298823,209919,1157194,1157234,150.0,85.0
2026-07-07T14:08:56.300227,209920,1157191,1157230,150.0,85.0
2026-07-07T14:08:56.300758,209921,1157177,1157224,150.0,85.0
2026-07-07T14:08:56.301203,209922,1157184,1157221,150.0,85.0
2026-07-07T14:08:56.359008,209923,1157177,1157212,150.0,85.0
2026-07-07T14:08:56.359488,209924,1157174,1157204,150.0,85.0
2026-07-07T14:08:56.360985,209925,1157173,1157199,150.0,85.0
2026-07-07T14:08:56.361504,209926,1157170,1157198,150.0,85.0
2026-07-07T14:08:56.361924,209927,1157171,1157186,150.0,85.0
2026-07-07T14:08:56.362234,209928,1157174,1157186,150.0,85.0
2026-07-07T14:08:56.362516,209929,1157164,1157191,150.0,85.0
2026-07-07T14:08:56.422764,209930,1157162,1157180,150.0,85.0
2026-07-07T14:08:56.423304,209931,1157166,1157187,150.0,85.0
2026-07-07T14:08:56.423698,209932,1157166,1157189,150.0,85.0
2026-07-07T14:08:56.424030,209933,1157159,1157183,150.0,85.0
2026-07-07T14:08:56.424331,209934,1157171,1157188,150.0,85.0
2026-07-07T14:08:56.483574,209935,1157165,1157188,150.0,85.0
2026-07-07T14:08:56.484227,209936,1157155,1157193,150.0,85.0
2026-07-07T14:08:56.484858,209937,1157155,1157200,150.0,85.0
2026-07-07T14:08:56.485456,209938,1157163,1157201,150.0,85.0
2026-07-07T14:08:56.486029,209939,1157159,1157190,150.0,85.0
2026-07-07T14:08:56.487504,209940,1157163,1157187,150.0,85.0
2026-07-07T14:08:56.487740,209941,1157158,1157198,150.0,85.0
2026-07-07T14:08:56.543604,209942,1157158,1157196,150.0,85.0
2026-07-07T14:08:56.544290,209943,1157151,1157197,150.0,85.0
2026-07-07T14:08:56.544803,209944,1157156,1157193,150.0,85.0
2026-07-07T14:08:56.546117,209945,1157156,1157183,157.9,84.9
2026-07-07T14:08:56.546465,209946,1157151,1157184,157.9,84.9
2026-07-07T14:08:56.546923,209947,1157145,1157194,157.9,84.9
2026-07-07T14:08:56.604393,209948,1157153,1157202,157.9,84.9
2026-07-07T14:08:56.605016,209949,1157157,1157195,157.9,84.9
2026-07-07T14:08:56.606189,209950,1157169,1157194,153.8,84.8
2026-07-07T14:08:56.606568,209951,1157162,1157191,153.8,84.8
2026-07-07T14:08:56.606908,209952,1157149,1157177,153.8,84.8
2026-07-07T14:08:56.607186,209953,1157151,1157184,153.8,84.8
2026-07-07T14:08:56.665331,209954,1157152,1157177,153.8,84.8
2026-07-07T14:08:56.666359,209955,1157149,1157174,,84.1
2026-07-07T14:08:56.666935,209956,1157146,1157173,,84.1
2026-07-07T14:08:56.667463,209957,1157150,1157170,,84.1
2026-07-07T14:08:56.667964,209958,1157141,1157171,,84.1
2026-07-07T14:08:56.668573,209959,1157135,1157174,,84.1
2026-07-07T14:08:56.727832,209960,1157140,1157164,153.8,84.1
2026-07-07T14:08:56.729067,209961,1157129,1157162,153.8,84.1
2026-07-07T14:08:56.730082,209962,1157122,1157166,153.8,84.1
2026-07-07T14:08:56.731014,209963,1157125,1157166,153.8,84.1
2026-07-07T14:08:56.731720,209964,1157116,1157159,153.8,84.1
2026-07-07T14:08:56.733168,209965,1157109,1157171,150.0,84.1
2026-07-07T14:08:56.733564,209966,1157105,1157165,150.0,84.1
2026-07-07T14:08:56.787793,209967,1157104,1157155,150.0,84.1
2026-07-07T14:08:56.788598,209968,1157112,1157155,150.0,84.1
2026-07-07T14:08:56.789101,209969,1157103,1157163,150.0,84.1
2026-07-07T14:08:56.790020,209970,1157106,1157159,150.0,84.1
2026-07-07T14:08:56.790440,209971,1157105,1157163,150.0,84.1
2026-07-07T14:08:56.849973,209972,1157103,1157158,150.0,84.1
2026-07-07T14:08:56.850600,209973,1157112,1157158,150.0,84.1
2026-07-07T14:08:56.851169,209974,1157107,1157151,150.0,84.1
2026-07-07T14:08:56.853087,209975,1157107,1157156,150.0,84.1
2026-07-07T14:08:56.853592,209976,1157102,1157156,150.0,84.1
2026-07-07T14:08:56.854083,209977,1157105,1157151,150.0,84.1
2026-07-07T14:08:56.912417,209978,1157099,1157145,150.0,84.1
2026-07-07T14:08:56.912742,209979,1157098,1157153,150.0,84.1
2026-07-07T14:08:56.913434,209980,1157096,1157157,150.0,84.5
2026-07-07T14:08:56.913714,209981,1157112,1157169,150.0,84.5
2026-07-07T14:08:56.913930,209982,1157111,1157162,150.0,84.5
2026-07-07T14:08:56.914126,209983,1157112,1157149,150.0,84.5
2026-07-07T14:08:56.914318,209984,1157099,1157151,150.0,84.5
2026-07-07T14:08:56.975069,209985,1157102,1157152,153.8,85.0
2026-07-07T14:08:56.975654,209986,1157096,1157149,153.8,85.0
2026-07-07T14:08:56.976097,209987,1157102,1157146,153.8,85.0
2026-07-07T14:08:56.976518,209988,1157104,1157150,153.8,85.0
2026-07-07T14:08:56.976891,209989,1157105,1157141,153.8,85.0
2026-07-07T14:08:56.977965,209990,1157103,1157135,150.0,85.0
2026-07-07T14:08:57.035704,209991,1157090,1157140,150.0,85.0
2026-07-07T14:08:57.036424,209992,1157098,1157129,150.0,85.0
2026-07-07T14:08:57.036941,209993,1157096,1157122,150.0,85.0
2026-07-07T14:08:57.037351,209994,1157088,1157125,150.0,85.0
2026-07-07T14:08:57.038924,209995,1157093,1157116,153.8,85.0
2026-07-07T14:08:57.039358,209996,1157096,1157109,153.8,85.0
2026-07-07T14:08:57.096090,209997,1157085,1157105,153.8,85.0
2026-07-07T14:08:57.096788,209998,1157091,1157104,153.8,85.0
2026-07-07T14:08:57.097498,209999,1157087,1157112,153.8,85.0
2026-07-07T14:08:57.098819,210000,1157093,1157103,153.8,85.0
2026-07-07T14:08:57.218497,210001,1157084,1157082,153.8,85.0
2026-07-07T14:08:57.218944,210002,1157082,1157084,153.8,85.0
2026-07-07T14:08:57.219236,210003,1157092,1157081,153.8,85.0
2026-07-07T14:08:57.219491,210004,1157085,1157085,153.8,85.0
2026-07-07T14:08:57.220324,210005,1157085,1157089,150.0,84.7
2026-07-07T14:08:57.220562,210006,1157087,1157082,150.0,84.7
2026-07-07T14:08:57.220818,210007,1157082,1157111,150.0,84.7
2026-07-07T14:08:57.221028,210008,1157111,1157111,150.0,84.7
2026-07-07T14:08:57.221223,210009,1157111,1157111,150.0,84.7
2026-07-07T14:08:57.221880,210010,1157111,1157111,153.8,81.9
2026-07-07T14:08:57.222110,210011,1157090,1157112,153.8,81.9
2026-07-07T14:08:57.222338,210012,1157079,1157099,153.8,81.9
2026-07-07T14:08:57.279531,210013,1157082,1157102,153.8,81.9
2026-07-07T14:08:57.280339,210014,1157079,1157096,153.8,81.9
2026-07-07T14:08:57.281963,210015,1157081,1157102,93.8,84.8
2026-07-07T14:08:57.282320,210016,1157077,1157104,93.8,84.8
2026-07-07T14:08:57.282656,210017,1157084,1157105,93.8,84.8
2026-07-07T14:08:57.282957,210018,1157082,1157103,93.8,84.8
2026-07-07T14:08:57.340769,210019,1157092,1157090,93.8,84.8
2026-07-07T14:08:57.342045,210020,1157074,1157098,93.8,84.8
2026-07-07T14:08:57.342641,210021,1157080,1157096,93.8,84.8
2026-07-07T14:08:57.343088,210022,1157083,1157088,93.8,84.8
2026-07-07T14:08:57.343535,210023,1157074,1157093,93.8,84.8
2026-07-07T14:08:57.401438,210024,1157079,1157096,93.8,84.8
2026-07-07T14:08:57.403374,210025,1157065,1157085,93.8,84.4
2026-07-07T14:08:57.403964,210026,1157057,1157091,93.8,84.4
2026-07-07T14:08:57.404418,210027,1157067,1157087,93.8,84.4
2026-07-07T14:08:57.404845,210028,1157065,1157093,93.8,84.4
2026-07-07T14:08:57.405173,210029,1157066,1157084,93.8,84.4
2026-07-07T14:08:57.405981,210030,1157061,1157082,93.8,84.4
2026-07-07T14:08:57.463560,210031,1157052,1157082,93.8,84.4
2026-07-07T14:08:57.464189,210032,1157056,1157084,93.8,84.4
2026-07-07T14:08:57.464629,210033,1157056,1157092,93.8,84.4
2026-07-07T14:08:57.465045,210034,1157059,1157081,93.8,84.4
2026-07-07T14:08:57.465971,210035,1157062,1157085,93.8,84.4
2026-07-07T14:08:57.466307,210036,1157062,1157085,93.8,84.4
2026-07-07T14:08:57.523191,210037,1157052,1157085,93.8,84.4
2026-07-07T14:08:57.523776,210038,1157046,1157089,93.8,84.4
2026-07-07T14:08:57.524243,210039,1157052,1157087,93.8,84.4
2026-07-07T14:08:57.525232,210040,1157054,1157082,93.8,84.2
2026-07-07T14:08:57.525619,210041,1157055,1157082,93.8,84.2
2026-07-07T14:08:57.525932,210042,1157051,1157090,93.8,84.2
2026-07-07T14:08:57.586564,210043,1157049,1157079,93.8,84.2
2026-07-07T14:08:57.594143,210044,1157045,1157082,93.8,84.2
2026-07-07T14:08:57.595426,210045,1157043,1157079,93.8,81.1
2026-07-07T14:08:57.595806,210046,1157045,1157081,93.8,81.1
2026-07-07T14:08:57.596125,210047,1157040,1157077,93.8,81.1
2026-07-07T14:08:57.596558,210048,1157040,1157084,93.8,81.1
2026-07-07T14:08:57.596987,210049,1157043,1157082,93.8,81.1
2026-07-07T14:08:57.648269,210050,1157043,1157092,93.8,84.5
2026-07-07T14:08:57.648592,210051,1157043,1157074,93.8,84.5
2026-07-07T14:08:57.648876,210052,1157043,1157080,93.8,84.5
2026-07-07T14:08:57.649144,210053,1157036,1157083,93.8,84.5
2026-07-07T14:08:57.649407,210054,1157040,1157074,93.8,84.5
2026-07-07T14:08:57.710658,210055,1157038,1157079,93.8,84.5
2026-07-07T14:08:57.711507,210056,1157042,1157065,93.8,84.5
2026-07-07T14:08:57.712285,210057,1157045,1157057,93.8,84.5
2026-07-07T14:08:57.713015,210058,1157035,1157067,93.8,84.5
2026-07-07T14:08:57.713677,210059,1157037,1157065,93.8,84.5
2026-07-07T14:08:57.715069,210060,1157038,1157066,93.8,84.5
2026-07-07T14:08:57.715284,210061,1157042,1157061,93.8,84.5
2026-07-07T14:08:57.771307,210062,1157043,1157052,93.8,84.5
2026-07-07T14:08:57.772056,210063,1157029,1157056,93.8,84.5
2026-07-07T14:08:57.772666,210064,1157033,1157056,93.8,84.5
2026-07-07T14:08:57.773950,210065,1157027,1157059,93.8,84.5
2026-07-07T14:08:57.774322,210066,1157033,1157062,93.8,84.5
2026-07-07T14:08:57.774637,210067,1157042,1157062,93.8,84.5
2026-07-07T14:08:57.832617,210068,1157039,1157052,93.8,84.5
2026-07-07T14:08:57.832888,210069,1157032,1157046,93.8,84.5
2026-07-07T14:08:57.833467,210070,1157029,1157052,93.8,84.5
2026-07-07T14:08:57.833687,210071,1157026,1157054,93.8,84.5
2026-07-07T14:08:57.833902,210072,1157025,1157055,93.8,84.5
2026-07-07T14:08:57.834112,210073,1157029,1157051,93.8,84.5
2026-07-07T14:08:57.895803,210074,1157026,1157049,93.8,84.5
2026-07-07T14:08:57.896926,210075,1157024,1157045,93.8,84.5
2026-07-07T14:08:57.897334,210076,1157020,1157043,93.8,84.5
2026-07-07T14:08:57.897673,210077,1157027,1157045,93.8,84.5
2026-07-07T14:08:57.898012,210078,1157028,1157040,93.8,84.5
2026-07-07T14:08:57.898743,210079,1157022,1157040,93.8,84.5
2026-07-07T14:08:57.959148,210080,1157018,1157043,93.8,84.5
2026-07-07T14:08:57.959929,210081,1157027,1157043,93.8,84.5
2026-07-07T14:08:57.960491,210082,1157025,1157043,93.8,84.5
2026-07-07T14:08:57.960923,210083,1157019,1157043,93.8,84.5
2026-07-07T14:08:57.961304,210084,1157013,1157036,93.8,84.5
2026-07-07T14:08:57.962407,210085,1157011,1157040,93.8,84.5
2026-07-07T14:08:58.021048,210086,1157011,1157038,93.8,84.5
2026-07-07T14:08:58.021858,210087,1157012,1157042,93.8,84.5
2026-07-07T14:08:58.022473,210088,1157014,1157045,93.8,84.5
2026-07-07T14:08:58.023090,210089,1157016,1157035,93.8,84.5
2026-07-07T14:08:58.024114,210090,1157004,1157037,93.8,83.6
2026-07-07T14:08:58.024597,210091,1157002,1157038,93.8,83.6
2026-07-07T14:08:58.080516,210092,1156997,1157042,93.8,83.6
2026-07-07T14:08:58.081051,210093,1156997,1157043,93.8,83.6
2026-07-07T14:08:58.081533,210094,1157001,1157029,93.8,83.6
2026-07-07T14:08:58.083110,210095,1156992,1157033,93.8,80.8
2026-07-07T14:08:58.083651,210096,1156987,1157027,93.8,80.8
2026-07-07T14:08:58.084101,210097,1156977,1157033,93.8,80.8
2026-07-07T14:08:58.142376,210098,1156976,1157042,93.8,80.8
2026-07-07T14:08:58.143197,210099,1156984,1157039,93.8,80.8
2026-07-07T14:08:58.144423,210100,1156981,1157032,93.8,81.0
2026-07-07T14:08:58.144825,210101,1156974,1157029,93.8,81.0
2026-07-07T14:08:58.145191,210102,1156974,1157026,93.8,81.0
2026-07-07T14:08:58.145521,210103,1156978,1157025,93.8,81.0
2026-07-07T14:08:58.145812,210104,1156969,1157029,93.8,81.0
2026-07-07T14:08:58.203498,210105,1156962,1157026,93.8,80.8
2026-07-07T14:08:58.203823,210106,1156970,1157024,93.8,80.8
2026-07-07T14:08:58.204047,210107,1156967,1157020,93.8,80.8
2026-07-07T14:08:58.204247,210108,1156965,1157027,93.8,80.8
2026-07-07T14:08:58.204443,210109,1156973,1157028,93.8,80.8
2026-07-07T14:08:58.204928,210110,1156960,1157022,93.8,80.7
2026-07-07T14:08:58.265109,210111,1156962,1157018,93.8,80.7
2026-07-07T14:08:58.265874,210112,1156967,1157027,93.8,80.7
2026-07-07T14:08:58.266345,210113,1156959,1157025,93.8,80.7
2026-07-07T14:08:58.266723,210114,1156971,1157019,93.8,80.7
2026-07-07T14:08:58.267711,210115,1156960,1157013,101.7,80.8
2026-07-07T14:08:58.268142,210116,1156975,1157011,101.7,80.8
2026-07-07T14:08:58.325428,210117,1156977,1157011,101.7,80.8
2026-07-07T14:08:58.325779,210118,1156959,1157012,101.7,80.8
2026-07-07T14:08:58.326001,210119,1156964,1157014,101.7,80.8
2026-07-07T14:08:58.326557,210120,1156967,1157016,101.7,80.8
2026-07-07T14:08:58.326775,210121,1156969,1157004,101.7,80.8
2026-07-07T14:08:58.326975,210122,1156961,1157002,101.7,80.8
2026-07-07T14:08:58.386052,210123,1156955,1156997,101.7,80.8
2026-07-07T14:08:58.386579,210124,1156952,1156997,101.7,80.8
2026-07-07T14:08:58.387435,210125,1156946,1157001,101.7,80.8
2026-07-07T14:08:58.387743,210126,1156949,1156992,101.7,80.8
2026-07-07T14:08:58.388005,210127,1156947,1156987,101.7,80.8
2026-07-07T14:08:58.388241,210128,1156948,1156977,101.7,80.8
2026-07-07T14:08:58.448127,210129,1156945,1156976,101.7,80.8
2026-07-07T14:08:58.449688,210130,1156947,1156984,101.7,80.8
2026-07-07T14:08:58.450109,210131,1156950,1156981,101.7,80.8
2026-07-07T14:08:58.450447,210132,1156958,1156974,101.7,80.8
2026-07-07T14:08:58.450786,210133,1156956,1156974,101.7,80.8
2026-07-07T14:08:58.451081,210134,1156961,1156978,101.7,80.8
2026-07-07T14:08:58.510522,210135,1156946,1156969,101.7,80.8
2026-07-07T14:08:58.511251,210136,1156954,1156962,101.7,80.8
2026-07-07T14:08:58.512340,210137,1156954,1156970,101.7,80.8
2026-07-07T14:08:58.513062,210138,1156946,1156967,101.7,80.8
2026-07-07T14:08:58.513724,210139,1156956,1156965,101.7,80.8
2026-07-07T14:08:58.515023,210140,1156948,1156973,101.7,80.8
2026-07-07T14:08:58.515725,210141,1156950,1156960,101.7,80.8
2026-07-07T14:08:58.569023,210142,1156948,1156962,101.7,80.8
2026-07-07T14:08:58.569563,210143,1156941,1156967,101.7,80.8
2026-07-07T14:08:58.569994,210144,1156935,1156959,101.7,80.8
2026-07-07T14:08:58.570874,210145,1156932,1156971,101.7,80.1
2026-07-07T14:08:58.571187,210146,1156939,1156960,101.7,80.1
2026-07-07T14:08:58.631997,210147,1156924,1156975,101.7,80.1
2026-07-07T14:08:58.632792,210148,1156935,1156977,101.7,80.1
2026-07-07T14:08:58.633332,210149,1156935,1156959,101.7,80.1
2026-07-07T14:08:58.634688,210150,1156932,1156964,111.1,80.9
2026-07-07T14:08:58.635372,210151,1156927,1156967,111.1,80.9
2026-07-07T14:08:58.636011,210152,1156924,1156969,111.1,80.9
2026-07-07T14:08:58.691567,210153,1156920,1156961,111.1,80.9
2026-07-07T14:08:58.692194,210154,1156930,1156955,111.1,80.9
2026-07-07T14:08:58.693247,210155,1156927,1156952,111.1,80.5
2026-07-07T14:08:58.693804,210156,1156924,1156946,111.1,80.5
2026-07-07T14:08:58.694230,210157,1156914,1156949,111.1,80.5
2026-07-07T14:08:58.694606,210158,1156917,1156947,111.1,80.5
2026-07-07T14:08:58.752285,210159,1156926,1156948,111.1,80.5
2026-07-07T14:08:58.754186,210160,1156918,1156945,,80.0
2026-07-07T14:08:58.754823,210161,1156912,1156947,,80.0
2026-07-07T14:08:58.755264,210162,1156910,1156950,,80.0
2026-07-07T14:08:58.755686,210163,1156901,1156958,,80.0
2026-07-07T14:08:58.756047,210164,1156912,1156956,,80.0
2026-07-07T14:08:58.756812,210165,1156913,1156961,,81.4
2026-07-07T14:08:58.815311,210166,1156909,1156946,,81.4
2026-07-07T14:08:58.816111,210167,1156903,1156954,,81.4
2026-07-07T14:08:58.816596,210168,1156893,1156954,,81.4
2026-07-07T14:08:58.817156,210169,1156889,1156946,,81.4
2026-07-07T14:08:58.818082,210170,1156891,1156956,,80.0
2026-07-07T14:08:58.818501,210171,1156887,1156948,,80.0
2026-07-07T14:08:58.875512,210172,1156890,1156950,,80.0
2026-07-07T14:08:58.876112,210173,1156890,1156948,,80.0
2026-07-07T14:08:58.876663,210174,1156890,1156941,,80.0
2026-07-07T14:08:58.877884,210175,1156888,1156935,111.1,80.0
2026-07-07T14:08:58.878450,210176,1156891,1156932,111.1,80.0
2026-07-07T14:08:58.878852,210177,1156888,1156939,111.1,80.0
2026-07-07T14:08:58.936088,210178,1156885,1156924,111.1,80.0
2026-07-07T14:08:58.936494,210179,1156894,1156935,111.1,80.0
2026-07-07T14:08:58.937335,210180,1156890,1156935,,80.9
2026-07-07T14:08:58.937664,210181,1156897,1156932,,80.9
2026-07-07T14:08:58.937957,210182,1156898,1156927,,80.9
2026-07-07T14:08:58.938233,210183,1156892,1156924,,80.9
2026-07-07T14:08:58.998700,210184,1156883,1156920,,80.9
2026-07-07T14:08:59.000528,210185,1156885,1156930,,80.9
2026-07-07T14:08:59.001135,210186,1156887,1156927,,80.9
2026-07-07T14:08:59.001677,210187,1156893,1156924,,80.9
2026-07-07T14:08:59.002121,210188,1156889,1156914,,80.9
2026-07-07T14:08:59.002521,210189,1156880,1156917,,80.9
2026-07-07T14:08:59.058895,210190,1156885,1156926,,80.4
2026-07-07T14:08:59.059418,210191,1156884,1156918,,80.4
2026-07-07T14:08:59.059850,210192,1156879,1156912,,80.4
2026-07-07T14:08:59.060240,210193,1156876,1156910,,80.4
2026-07-07T14:08:59.060627,210194,1156874,1156901,,80.4
2026-07-07T14:08:59.061565,210195,1156862,1156912,,84.8
2026-07-07T14:08:59.119493,210196,1156870,1156913,,84.8
2026-07-07T14:08:59.120140,210197,1156879,1156909,,84.8
2026-07-07T14:08:59.120692,210198,1156890,1156903,,84.8
2026-07-07T14:08:59.121210,210199,1156881,1156893,,84.8
2026-07-07T14:08:59.122720,210200,1156876,1156889,,92.7
2026-07-07T14:08:59.123197,210201,1156873,1156891,,92.7
2026-07-07T14:08:59.180744,210202,1156868,1156887,,92.7
2026-07-07T14:08:59.181210,210203,1156866,1156890,,92.7
2026-07-07T14:08:59.181604,210204,1156866,1156890,,92.7
2026-07-07T14:08:59.182642,210205,1156868,1156890,,91.2
2026-07-07T14:08:59.183045,210206,1156872,1156888,,91.2
2026-07-07T14:08:59.183416,210207,1156865,1156891,,91.2
2026-07-07T14:08:59.183786,210208,1156866,1156888,,91.2
2026-07-07T14:08:59.241922,210209,1156859,1156885,,91.2
2026-07-07T14:08:59.244078,210210,1156855,1156894,181.8,87.7
2026-07-07T14:08:59.244708,210211,1156868,1156890,181.8,87.7
2026-07-07T14:08:59.245234,210212,1156863,1156897,181.8,87.7
2026-07-07T14:08:59.245692,210213,1156855,1156898,181.8,87.7
2026-07-07T14:08:59.246032,210214,1156869,1156892,181.8,87.7
2026-07-07T14:08:59.305666,210215,1156856,1156883,136.4,89.1
2026-07-07T14:08:59.306387,210216,1156859,1156885,136.4,89.1
2026-07-07T14:08:59.306881,210217,1156850,1156887,136.4,89.1
2026-07-07T14:08:59.307356,210218,1156855,1156893,136.4,89.1
2026-07-07T14:08:59.307794,210219,1156866,1156889,136.4,89.1
2026-07-07T14:08:59.308798,210220,1156859,1156880,187.5,87.7
2026-07-07T14:08:59.365707,210221,1156855,1156885,187.5,87.7
2026-07-07T14:08:59.366501,210222,1156846,1156884,187.5,87.7
2026-07-07T14:08:59.367099,210223,1156847,1156879,187.5,87.7
2026-07-07T14:08:59.367672,210224,1156855,1156876,187.5,87.7
2026-07-07T14:08:59.369628,210225,1156849,1156874,181.8,87.7
2026-07-07T14:08:59.370163,210226,1156847,1156862,181.8,87.7
2026-07-07T14:08:59.426641,210227,1156843,1156870,181.8,87.7
2026-07-07T14:08:59.427486,210228,1156840,1156879,181.8,87.7
2026-07-07T14:08:59.428289,210229,1156851,1156890,181.8,87.7
2026-07-07T14:08:59.430080,210230,1156859,1156881,181.8,82.0
2026-07-07T14:08:59.430547,210231,1156845,1156876,181.8,82.0
2026-07-07T14:08:59.430940,210232,1156845,1156873,181.8,82.0
2026-07-07T14:08:59.487130,210233,1156845,1156868,181.8,82.0
2026-07-07T14:08:59.487725,210234,1156839,1156866,181.8,82.0
2026-07-07T14:08:59.489142,210235,1156829,1156866,187.5,85.3
2026-07-07T14:08:59.489503,210236,1156833,1156868,187.5,85.3
2026-07-07T14:08:59.489813,210237,1156830,1156872,187.5,85.3
2026-07-07T14:08:59.490119,210238,1156831,1156865,187.5,85.3
2026-07-07T14:08:59.549259,210239,1156831,1156866,187.5,85.3
2026-07-07T14:08:59.551865,210240,1156829,1156859,187.5,84.7
2026-07-07T14:08:59.552623,210241,1156826,1156855,187.5,84.7
2026-07-07T14:08:59.553156,210242,1156820,1156868,187.5,84.7
2026-07-07T14:08:59.553619,210243,1156827,1156863,187.5,84.7
2026-07-07T14:08:59.554065,210244,1156827,1156855,187.5,84.7
2026-07-07T14:08:59.555408,210245,1156834,1156869,181.8,84.6
2026-07-07T14:08:59.610754,210246,1156840,1156856,181.8,84.6
2026-07-07T14:08:59.611473,210247,1156827,1156859,181.8,84.6
2026-07-07T14:08:59.612141,210248,1156834,1156850,181.8,84.6
2026-07-07T14:08:59.612647,210249,1156830,1156855,181.8,84.6
2026-07-07T14:08:59.614151,210250,1156830,1156866,187.5,85.2
2026-07-07T14:08:59.672131,210251,1156836,1156859,187.5,85.2
2026-07-07T14:08:59.672766,210252,1156838,1156855,187.5,85.2
2026-07-07T14:08:59.673320,210253,1156831,1156846,187.5,85.2
2026-07-07T14:08:59.673857,210254,1156824,1156847,187.5,85.2
2026-07-07T14:08:59.675792,210255,1156834,1156855,176.5,85.2
2026-07-07T14:08:59.676245,210256,1156826,1156849,176.5,85.2
2026-07-07T14:08:59.676617,210257,1156827,1156847,176.5,85.2
2026-07-07T14:08:59.736557,210258,1156824,1156843,176.5,85.2
2026-07-07T14:08:59.737654,210259,1156818,1156840,176.5,85.2
2026-07-07T14:08:59.739667,210260,1156829,1156851,187.5,85.2
2026-07-07T14:08:59.740242,210261,1156833,1156859,187.5,85.2
2026-07-07T14:08:59.740776,210262,1156836,1156845,187.5,85.2
2026-07-07T14:08:59.741224,210263,1156830,1156845,187.5,85.2
2026-07-07T14:08:59.798476,210264,1156831,1156845,187.5,85.2
2026-07-07T14:08:59.799913,210265,1156831,1156839,181.8,85.2
2026-07-07T14:08:59.800267,210266,1156833,1156829,181.8,85.2
2026-07-07T14:08:59.800644,210267,1156823,1156833,181.8,85.2
2026-07-07T14:08:59.800993,210268,1156826,1156830,181.8,85.2
2026-07-07T14:08:59.801291,210269,1156830,1156831,181.8,85.2
2026-07-07T14:08:59.861879,210270,1156830,1156831,181.8,85.2
2026-07-07T14:08:59.862362,210271,1156822,1156829,181.8,85.2
2026-07-07T14:08:59.862735,210272,1156823,1156826,181.8,85.2
2026-07-07T14:08:59.863119,210273,1156829,1156820,181.8,85.2
2026-07-07T14:08:59.863493,210274,1156821,1156827,181.8,85.2
2026-07-07T14:08:59.864351,210275,1156822,1156827,187.5,85.0
2026-07-07T14:08:59.864784,210276,1156820,1156834,187.5,85.0
2026-07-07T14:08:59.921779,210277,1156821,1156840,187.5,85.0
2026-07-07T14:08:59.922058,210278,1156819,1156827,187.5,85.0
2026-07-07T14:08:59.922277,210279,1156815,1156834,187.5,85.0
2026-07-07T14:08:59.923053,210280,1156813,1156830,187.5,85.0
2026-07-07T14:08:59.923288,210281,1156809,1156830,187.5,85.0
2026-07-07T14:08:59.983458,210282,1156812,1156836,187.5,85.0
2026-07-07T14:08:59.984452,210283,1156818,1156838,187.5,85.0
2026-07-07T14:08:59.985410,210284,1156817,1156831,187.5,85.0
2026-07-07T14:08:59.987867,210285,1156808,1156824,157.9,85.0
2026-07-07T14:08:59.988501,210286,1156802,1156834,157.9,85.0
2026-07-07T14:08:59.989116,210287,1156803,1156826,157.9,85.0
2026-07-07T14:08:59.989781,210288,1156800,1156827,157.9,85.0
2026-07-07T14:09:00.043134,210289,1156796,1156824,157.9,85.0
2026-07-07T14:09:00.045082,210290,1156791,1156818,181.8,85.0
2026-07-07T14:09:00.045825,210291,1156792,1156829,181.8,85.0
2026-07-07T14:09:00.046483,210292,1156777,1156833,181.8,85.0
2026-07-07T14:09:00.047114,210293,1156796,1156836,181.8,85.0
2026-07-07T14:09:00.047697,210294,1156792,1156830,181.8,85.0
2026-07-07T14:09:00.107892,210295,1156787,1156831,181.8,87.2
2026-07-07T14:09:00.109015,210296,1156785,1156831,181.8,87.2
2026-07-07T14:09:00.110052,210297,1156779,1156833,181.8,87.2
2026-07-07T14:09:00.110908,210298,1156781,1156823,181.8,87.2
2026-07-07T14:09:00.111656,210299,1156783,1156826,181.8,87.2
2026-07-07T14:09:00.113323,210300,1156777,1156830,181.8,85.3
2026-07-07T14:09:00.113834,210301,1156772,1156830,181.8,85.3
2026-07-07T14:09:00.168030,210302,1156777,1156822,181.8,85.3
2026-07-07T14:09:00.168554,210303,1156772,1156823,181.8,85.3
2026-07-07T14:09:00.169015,210304,1156762,1156829,181.8,85.3
2026-07-07T14:09:00.170083,210305,1156763,1156821,181.8,85.0
2026-07-07T14:09:00.170384,210306,1156758,1156822,181.8,85.0
2026-07-07T14:09:00.231322,210307,1156751,1156820,181.8,85.0
2026-07-07T14:09:00.232070,210308,1156748,1156821,181.8,85.0
2026-07-07T14:09:00.232636,210309,1156752,1156819,181.8,85.0
2026-07-07T14:09:00.234764,210310,1156759,1156815,187.5,86.1
2026-07-07T14:09:00.235470,210311,1156761,1156813,187.5,86.1
2026-07-07T14:09:00.236155,210312,1156740,1156809,187.5,86.1
2026-07-07T14:09:00.291823,210313,1156757,1156812,187.5,86.1
2026-07-07T14:09:00.292346,210314,1156758,1156818,187.5,86.1
2026-07-07T14:09:00.293413,210315,1156758,1156817,181.8,87.7
2026-07-07T14:09:00.293779,210316,1156762,1156808,181.8,87.7
2026-07-07T14:09:00.294027,210317,1156755,1156802,181.8,87.7
2026-07-07T14:09:00.294253,210318,1156758,1156803,181.8,87.7
2026-07-07T14:09:00.352261,210319,1156756,1156800,181.8,87.7
2026-07-07T14:09:00.353398,210320,1156763,1156796,187.5,88.2
2026-07-07T14:09:00.353794,210321,1156756,1156791,187.5,88.2
2026-07-07T14:09:00.354065,210322,1156751,1156792,187.5,88.2
2026-07-07T14:09:00.354279,210323,1156753,1156777,187.5,88.2
2026-07-07T14:09:00.354549,210324,1156744,1156796,187.5,88.2
2026-07-07T14:09:00.410191,210325,1156749,1156792,176.5,83.3
2026-07-07T14:09:00.410664,210326,1156757,1156787,176.5,83.3
2026-07-07T14:09:00.411013,210327,1156757,1156785,176.5,83.3
2026-07-07T14:09:00.411318,210328,1156752,1156779,176.5,83.3
2026-07-07T14:09:00.411736,210329,1156750,1156781,176.5,83.3
2026-07-07T14:09:00.412693,210330,1156748,1156783,150.0,85.9
2026-07-07T14:09:00.465518,210331,1156741,1156777,150.0,85.9
2026-07-07T14:09:00.465943,210332,1156735,1156772,150.0,85.9
2026-07-07T14:09:00.466310,210333,1156741,1156777,150.0,85.9
2026-07-07T14:09:00.466658,210334,1156730,1156772,150.0,85.9
2026-07-07T14:09:00.467923,210335,1156727,1156762,150.0,87.0
2026-07-07T14:09:00.468306,210336,1156720,1156763,150.0,87.0
2026-07-07T14:09:00.521822,210337,1156722,1156758,150.0,87.0
2026-07-07T14:09:00.522272,210338,1156722,1156751,150.0,87.0
2026-07-07T14:09:00.522595,210339,1156729,1156748,150.0,87.0
2026-07-07T14:09:00.523553,210340,1156731,1156752,176.5,86.1
2026-07-07T14:09:00.523809,210341,1156726,1156759,176.5,86.1
2026-07-07T14:09:00.524023,210342,1156721,1156761,176.5,86.1
2026-07-07T14:09:00.583348,210343,1156720,1156740,176.5,86.1
2026-07-07T14:09:00.583790,210344,1156717,1156757,176.5,86.1
2026-07-07T14:09:00.585048,210345,1156707,1156758,146.3,82.8
2026-07-07T14:09:00.585349,210346,1156713,1156758,146.3,82.8
2026-07-07T14:09:00.585804,210347,1156713,1156762,146.3,82.8
2026-07-07T14:09:00.642385,210348,1156728,1156755,146.3,82.8
2026-07-07T14:09:00.643089,210349,1156714,1156758,146.3,82.8
2026-07-07T14:09:00.644912,210350,1156712,1156756,150.0,84.6
2026-07-07T14:09:00.645353,210351,1156702,1156763,150.0,84.6
2026-07-07T14:09:00.645734,210352,1156713,1156756,150.0,84.6
2026-07-07T14:09:00.646046,210353,1156706,1156751,150.0,84.6
2026-07-07T14:09:00.646339,210354,1156704,1156753,150.0,84.6
2026-07-07T14:09:00.707035,210355,1156698,1156744,157.9,85.0
2026-07-07T14:09:00.707725,210356,1156697,1156749,157.9,85.0
2026-07-07T14:09:00.708312,210357,1156693,1156757,157.9,85.0
2026-07-07T14:09:00.708800,210358,1156707,1156757,157.9,85.0
2026-07-07T14:09:00.709235,210359,1156708,1156752,157.9,85.0
2026-07-07T14:09:00.710569,210360,1156702,1156750,157.9,85.0
2026-07-07T14:09:00.761710,210361,1156707,1156748,157.9,85.0
2026-07-07T14:09:00.762302,210362,1156696,1156741,157.9,85.0
2026-07-07T14:09:00.762801,210363,1156702,1156735,157.9,85.0
2026-07-07T14:09:00.763296,210364,1156701,1156741,157.9,85.0
2026-07-07T14:09:00.764647,210365,1156696,1156730,150.0,85.0
2026-07-07T14:09:00.765013,210366,1156698,1156727,150.0,85.0
2026-07-07T14:09:00.831421,210367,1156697,1156720,150.0,85.0
2026-07-07T14:09:00.832509,210368,1156696,1156722,150.0,85.0
2026-07-07T14:09:00.833232,210369,1156685,1156722,150.0,85.0
2026-07-07T14:09:00.835866,210370,1156685,1156729,150.0,85.0
2026-07-07T14:09:00.836549,210371,1156683,1156731,150.0,85.0
2026-07-07T14:09:00.837132,210372,1156681,1156726,150.0,85.0
2026-07-07T14:09:00.837938,210373,1156681,1156721,150.0,85.0
2026-07-07T14:09:00.890451,210374,1156672,1156720,150.0,85.0
2026-07-07T14:09:00.892440,210375,1156681,1156717,150.0,85.0
2026-07-07T14:09:00.893024,210376,1156680,1156707,150.0,85.0
2026-07-07T14:09:00.893511,210377,1156674,1156713,150.0,85.0
2026-07-07T14:09:00.893857,210378,1156674,1156713,150.0,85.0
2026-07-07T14:09:00.950823,210379,1156679,1156728,150.0,85.0
2026-07-07T14:09:00.952645,210380,1156676,1156714,150.0,85.0
2026-07-07T14:09:00.953560,210381,1156678,1156712,150.0,85.0
2026-07-07T14:09:00.954116,210382,1156674,1156702,150.0,85.0
2026-07-07T14:09:00.954537,210383,1156671,1156713,150.0,85.0
2026-07-07T14:09:00.954999,210384,1156672,1156706,150.0,85.0
