Kp,Ki,Kd,mean_error,std_error,min_error,max_error,slip_rate
0.5,0.01,0.0,1.434271470263963,0.12319132307824972,1.1564079633013304,1.6802819223261087,0.0
0.5,0.01,0.1,1.5001661034788383,0.3042636397688737,1.1991770065678775,2.675779121943007,0.05
0.5,0.01,0.2,1.4485649231936004,0.15391456043222873,1.0691235928654792,1.6917151379325208,0.0
0.5,0.01,0.30000000000000004,1.636219375113723,0.21799529089485203,1.3183743067014664,2.39949521069136,0.05
0.5,0.01,0.4,1.7230391697320822,0.1336167819315094,1.490277514815816,1.93016584922713,0.05
0.5,0.01,0.5,2.1421700232987684,0.48715266765978626,1.7479193414925553,4.028299348066634,0.1
0.5,0.06444444444444444,0.0,1.4512938058447031,0.1567812902231855,1.1570983637590984,1.7837282331150424,0.0
0.5,0.06444444444444444,0.1,1.4288618882662516,0.18407384625542367,1.1570029856425932,1.7595723787737212,0.0
0.5,0.06444444444444444,0.2,1.5386813227790548,0.4376837898830024,1.164766292132874,3.2998149573956725,0.05
0.5,0.06444444444444444,0.30000000000000004,1.5431027927991403,0.1313772374749109,1.3341601882815741,1.8652309308589918,0.0
0.5,0.06444444444444444,0.4,1.7379263205187154,0.15644323441014843,1.394788480859702,2.0418432794888237,0.0
0.5,0.06444444444444444,0.5,1.9642413994099521,0.15621536628154736,1.678402660142541,2.2100916543843256,0.0
0.5,0.11888888888888888,0.0,1.4260048921718174,0.18520452052797112,1.109086154129821,1.7283146578681006,0.0
0.5,0.11888888888888888,0.1,1.3613149215043157,0.1307928611922385,1.1739238098060196,1.695911239073261,0.0
0.5,0.11888888888888888,0.2,1.447101776815319,0.1374716086485199,1.2334173330629312,1.7296149652063217,0.0
0.5,0.11888888888888888,0.30000000000000004,1.538450607579847,0.1185469788952853,1.2959744597954583,1.7614377622344874,0.0
0.5,0.11888888888888888,0.4,1.7009501206749817,0.17639551302014006,1.3755321727846197,2.047806397806462,0.0
0.5,0.11888888888888888,0.5,1.939558993832683,0.15070966429947985,1.6623944318001604,2.210721841019512,0.0
0.5,0.17333333333333334,0.0,1.4207294992587336,0.16752307942529643,1.0767782827921693,1.810377914842439,0.05
0.5,0.17333333333333334,0.1,1.3770299048682069,0.14443202506515157,1.0079861853314829,1.6715919290282968,0.0
0.5,0.17333333333333334,0.2,1.5690022953724039,0.4703081846568938,1.1858684764512892,3.429522324381842,0.1
0.5,0.17333333333333334,0.30000000000000004,1.4848256010394105,0.13663031697813288,1.2878528312025856,1.6989572189081952,0.0
0.5,0.17333333333333334,0.4,1.8329883209876463,0.3165535654329876,1.4234361994417652,2.791989964598978,0.1
0.5,0.17333333333333334,0.5,1.8873558881192358,0.16747368944579727,1.6448371437227547,2.2813473021998165,0.0
0.5,0.22777777777777777,0.0,1.4331531648451912,0.19048780450967318,0.9203107744514196,1.7960385535203385,0.0
0.5,0.22777777777777777,0.1,1.4891257242475475,0.1323892741206555,1.2993982506735422,1.7551557773206818,0.05
0.5,0.22777777777777777,0.2,1.4554837556530456,0.16432580658798235,1.1366112052724198,1.701260703150583,0.0
0.5,0.22777777777777777,0.30000000000000004,1.5859309285898784,0.16172991646012402,1.2850009891236025,1.939274018106331,0.05
0.5,0.22777777777777777,0.4,1.890145995588443,0.4646603667888756,1.6327193982232648,3.8124055449836316,0.05
0.5,0.22777777777777777,0.5,1.965572464423871,0.17714086482585303,1.5251507056709208,2.188530113258937,0.0
0.5,0.2822222222222222,0.0,1.481114023958232,0.13204207673758825,1.2383448139664694,1.7833442962995583,0.0
0.5,0.2822222222222222,0.1,1.544523939656528,0.16385288302507298,1.2696909264948832,1.8143444365511734,0.0
0.5,0.2822222222222222,0.2,1.5103340997620764,0.15467602506496336,1.249022286721898,1.7421343727858871,0.0
0.5,0.2822222222222222,0.30000000000000004,1.5496230550310137,0.1367941464271092,1.3588830387356816,1.8024531632615086,0.0
0.5,0.2822222222222222,0.4,1.7454740873944672,0.1641736398119677,1.4607717523797135,2.0816044679314403,0.0
0.5,0.2822222222222222,0.5,1.9969058892560938,0.16064506898231837,1.741679204110169,2.3769716323099606,0.05
0.5,0.33666666666666667,0.0,1.5070311055099606,0.17571110706242452,1.0798482081099803,1.8828205342675415,0.0
0.5,0.33666666666666667,0.1,1.449170762498451,0.1100722109181275,1.26494409493122,1.6319541762777638,0.0
0.5,0.33666666666666667,0.2,1.511929952035095,0.13514933587603087,1.1916843404571813,1.7319105876159466,0.0
0.5,0.33666666666666667,0.30000000000000004,1.667582831211909,0.1272159304526729,1.4468942378673606,1.9089796251417388,0.0
0.5,0.33666666666666667,0.4,1.853960353595026,0.14579483579012847,1.5772984669181827,2.1461504017059343,0.05
0.5,0.33666666666666667,0.5,2.109376856702743,0.3018163576246412,1.7089707947393222,3.0766239067030803,0.05
0.5,0.3911111111111111,0.0,1.5400335659893154,0.160336238946124,1.1501680396987852,1.7747774363219144,0.0
0.5,0.3911111111111111,0.1,1.5167335024480175,0.09746704267034755,1.378548510412011,1.6832290171726725,0.0
0.5,0.3911111111111111,0.2,1.586122887047123,0.1452783257296823,1.373283264251778,1.9896798216537759,0.0
0.5,0.3911111111111111,0.30000000000000004,1.6649987094966545,0.12115363790264708,1.4175872018765725,1.8886234035884093,0.0
0.5,0.3911111111111111,0.4,1.8636033555911655,0.1664031031553367,1.5359242342845132,2.332191130149898,0.05
0.5,0.3911111111111111,0.5,2.1285484833724198,0.11572051754788053,1.9406471900262834,2.3670418189945455,0.0
0.5,0.44555555555555554,0.0,1.673720307830641,0.13134892521848138,1.471002401269294,1.9069003910254412,0.0
0.5,0.44555555555555554,0.1,1.6055690117284231,0.19303190382619623,1.2076879955562874,1.938814247130845,0.05
0.5,0.44555555555555554,0.2,1.6449704981182305,0.13143656723523817,1.3238000966428676,1.8833826141809609,0.0
0.5,0.44555555555555554,0.30000000000000004,1.81007978858195,0.28216112706752994,1.4632643055925612,2.7422913532329947,0.1
0.5,0.44555555555555554,0.4,1.9691428925810448,0.20631315179033594,1.6486056262394462,2.604877607730905,0.1
0.5,0.44555555555555554,0.5,2.1387146718183123,0.19362528348503238,1.8674642324710617,2.590303770787989,0.05
0.5,0.5,0.0,1.7068345187245793,0.15185216428548332,1.266941704800358,1.9141657139756225,0.0
0.5,0.5,0.1,1.7009298942421158,0.13277872429535592,1.4059577999569322,1.850522535747464,0.0
0.5,0.5,0.2,1.7377372495651648,0.18654240524611687,1.279073176626876,2.181162540386226,0.05
0.5,0.5,0.30000000000000004,1.8182356779644635,0.17004653884846546,1.4091220643835687,2.1312537709600043,0.0
0.5,0.5,0.4,2.108554700812293,0.2577116192098293,1.734422782505065,2.856931249215232,0.1
0.5,0.5,0.5,2.36520627689372,0.41993236863915673,2.0232809672418055,4.05626815465621,0.1
1.0,0.01,0.0,0.9084116403911227,0.09589693180986468,0.6744520969057622,1.0446292513059636,0.0
1.0,0.01,0.1,0.9168992055076162,0.1942114665419626,0.6599109299776075,1.4647935381564516,0.1
1.0,0.01,0.2,0.8925354717696548,0.16661064919542148,0.5517679215059298,1.2388660876773228,0.05
1.0,0.01,0.30000000000000004,1.0303488095778017,0.20185809418139056,0.6606447425114347,1.3763349160387401,0.1
1.0,0.01,0.4,1.4120444917634793,0.375376255363661,1.1138120220179615,2.794832769499985,0.1
1.0,0.01,0.5,1.4860589308018832,0.2651463653081506,1.105398562019313,2.364322780396707,0.1
1.0,0.06444444444444444,0.0,0.9759947120450658,0.5819055918946685,0.6234446601704586,3.3877128069334037,0.05
1.0,0.06444444444444444,0.1,0.9329411653113308,0.17026127601928936,0.7294231887023555,1.4522813812869646,0.05
1.0,0.06444444444444444,0.2,0.9673227873471643,0.1693129089013128,0.7235819695476855,1.339847389408854,0.05
1.0,0.06444444444444444,0.30000000000000004,0.9943305064785297,0.14813979120165452,0.705332957689476,1.2650085752418505,0.0
1.0,0.06444444444444444,0.4,1.1831377623620098,0.1627138049017675,0.8387746249741379,1.5212530303004395,0.0
1.0,0.06444444444444444,0.5,1.4871199142685954,0.2615233244656606,1.0975004606676793,2.266749540003288,0.1
1.0,0.11888888888888888,0.0,0.9084201557954982,0.1271939344063102,0.7325216974292239,1.2839922455545805,0.05
1.0,0.11888888888888888,0.1,0.8638025352202643,0.15243030867604263,0.5818086153849156,1.1475984215957689,0.0
1.0,0.11888888888888888,0.2,1.1318428841888435,0.4147332331441217,0.6834820534314942,2.5693338756204342,0.15
1.0,0.11888888888888888,0.30000000000000004,1.0787791633106119,0.1593184851691105,0.7995817068848124,1.4794945139467353,0.0
1.0,0.11888888888888888,0.4,1.139970820993947,0.12241828510832169,0.9339932276743028,1.3491383192429423,0.05
1.0,0.11888888888888888,0.5,1.3791601838867753,0.16818157671920553,1.1164875290602332,1.778995231825334,0.1
1.0,0.17333333333333334,0.0,0.9189433980439166,0.15133439456005332,0.6723925064757701,1.1855093773248397,0.0
1.0,0.17333333333333334,0.1,0.8312072554491825,0.23353442792295054,0.4697631624801035,1.4708245448543376,0.0
1.0,0.17333333333333334,0.2,0.9343036540360157,0.13911760357349207,0.6112719479641004,1.2011802138833505,0.0
1.0,0.17333333333333334,0.30000000000000004,1.0382107441575938,0.17371172699371562,0.5772184932537804,1.2879933685762226,0.0
1.0,0.17333333333333334,0.4,1.2353774403009166,0.2713587783493845,0.9010506425759223,2.2753840815049493,0.1
1.0,0.17333333333333334,0.5,1.4395586854394582,0.2719924382425923,0.9850655491723033,2.100978948093366,0.1
1.0,0.22777777777777777,0.0,0.9362062370759908,0.12971607372528007,0.6099409069788104,1.1622106336287983,0.0
1.0,0.22777777777777777,0.1,0.9623254718172773,0.2457415294258066,0.5622106657466075,1.7678869616216955,0.05
1.0,0.22777777777777777,0.2,1.120546299430733,0.4506310388688089,0.6813581455928819,2.3100897888053593,0.2
1.0,0.22777777777777777,0.30000000000000004,1.0049871250726956,0.15858786851002557,0.7456129457027676,1.311618030620142,0.05
1.0,0.22777777777777777,0.4,1.2351526013938137,0.18086345182984134,0.9229595675566445,1.5476798742462585,0.0
1.0,0.22777777777777777,0.5,1.4896227540537876,0.2589830183296818,1.1102021545128833,2.3391133175926404,0.15
1.0,0.2822222222222222,0.0,0.9884319171169903,0.2672596651378905,0.57366080028517,1.8864155129861828,0.05
1.0,0.2822222222222222,0.1,0.9803365903252986,0.15835968745918927,0.7650075538577185,1.241739156195999,0.0
1.0,0.2822222222222222,0.2,0.98622172518107,0.17212658782856452,0.6610884906277217,1.3803165487363651,0.05
1.0,0.2822222222222222,0.30000000000000004,1.134073980162442,0.17105817210851204,0.9004263572330511,1.5726924632240111,0.05
1.0,0.2822222222222222,0.4,1.312593516342881,0.3181700198254005,1.0065925723705316,2.529015539260304,0.05
1.0,0.2822222222222222,0.5,1.6356563147236092,0.6212552048192453,1.0174147952650918,4.1069689048121205,0.2
1.0,0.33666666666666667,0.0,0.9478760536438549,0.15608809537721033,0.6565824704953618,1.1682411030646724,0.0
1.0,0.33666666666666667,0.1,1.0063236080310936,0.1966954703695583,0.7102072852357357,1.355574944210189,0.0
1.0,0.33666666666666667,0.2,1.0106284760230402,0.16148263481439706,0.6354636386786712,1.2459085993135721,0.0
1.0,0.33666666666666667,0.30000000000000004,1.1182324102619587,0.16458630525650594,0.8826686616074421,1.4217290578442137,0.05
1.0,0.33666666666666667,0.4,1.2376098896536196,0.11697994330016027,0.9631172401332262,1.454999163701351,0.0
1.0,0.33666666666666667,0.5,1.7133203742517622,0.5871278449420527,1.296391534768475,3.9628144178702884,0.1
1.0,0.3911111111111111,0.0,1.1559930455065612,0.43305847414425813,0.721313125212577,2.8110930933870546,0.05
1.0,0.3911111111111111,0.1,1.0443567674029333,0.1524090327551043,0.7793625641368847,1.3521139723143933,0.05
1.0,0.3911111111111111,0.2,1.0201705995076271,0.13100621943619475,0.7538642677740224,1.2606941747332119,0.0
1.0,0.3911111111111111,0.30000000000000004,1.2015346967803904,0.12670046616805944,0.9537562303465513,1.4085195974959583,0.0
1.0,0.3911111111111111,0.4,1.3809538026710022,0.318554307594136,1.1076637300060173,2.4606793251042376,0.15
1.0,0.3911111111111111,0.5,1.5741648642839254,0.15347157797769387,1.1629399743051723,1.80092274352187,0.0
1.0,0.44555555555555554,0.0,1.0783594281777984,0.14508943408444488,0.8246650299037622,1.280860360186465,0.0
1.0,0.44555555555555554,0.1,1.0864479152909152,0.14762777460166682,0.7794778264966595,1.3780417641236056,0.0
1.0,0.44555555555555554,0.2,1.1335623352433273,0.2139551454918473,0.7245140947657565,1.8227906152981252,0.1
1.0,0.44555555555555554,0.30000000000000004,1.344223937584387,0.5801172050429944,1.0476521029424597,3.7435274726629455,0.05
1.0,0.44555555555555554,0.4,1.393385243216161,0.1229576410549244,1.107426756908409,1.674004467457605,0.05
1.0,0.44555555555555554,0.5,1.6375743992578737,0.3410994059699458,1.2091864443816607,2.806001827957176,0.1
1.0,0.5,0.0,1.1459390294477385,0.14700551232407028,0.8293998663100782,1.4092371104777504,0.0
1.0,0.5,0.1,1.132092974227747,0.12243971137568141,0.9037444670379735,1.3054756175095732,0.0
1.0,0.5,0.2,1.266373330906045,0.21080740774245585,0.7713303405134369,1.5837309395305212,0.0
1.0,0.5,0.30000000000000004,1.277288461458895,0.16684226108559363,1.025870214548781,1.6229796898314917,0.05
1.0,0.5,0.4,1.532257297198414,0.38155734544819364,1.3004231836296158,3.032651574972355,0.1
1.0,0.5,0.5,1.6933705960857353,0.1845323493793484,1.3834895271280816,2.0588336398984035,0.05
1.5,0.01,0.0,0.6129452889977568,0.24685555235752357,0.2721465351373881,1.5459287224713805,0.05
1.5,0.01,0.1,0.5471644299024925,0.16089662416120393,0.1967388891153003,0.866525529463581,0.05
1.5,0.01,0.2,0.6929079862356823,0.24152904828231467,0.39543995399233234,1.3977836886229924,0.1
1.5,0.01,0.30000000000000004,0.6866501999764789,0.2155034446569378,0.3439483873411447,1.3929287631828327,0.05
1.5,0.01,0.4,0.8088841513524863,0.12527961612612107,0.5582370896058255,1.008419226061229,0.0
1.5,0.01,0.5,1.0897111810266078,0.16535502368454025,0.8394816446858235,1.3906239499759243,0.1
1.5,0.06444444444444444,0.0,0.5712222880427273,0.39314145543192164,0.19963712879210566,2.1415485247574293,0.05
1.5,0.06444444444444444,0.1,0.5420889304179356,0.2515620818265167,0.08252395075855162,1.2879600270938714,0.05
1.5,0.06444444444444444,0.2,0.5709391503110013,0.14914248380177933,0.30467257294361183,0.872612141113644,0.0
1.5,0.06444444444444444,0.30000000000000004,0.8613721696648204,0.6465041119249462,0.5088633148862538,3.411481326535586,0.15
1.5,0.06444444444444444,0.4,0.8677520835706174,0.30734763202109555,0.5084227291556657,2.0529386881159564,0.05
1.5,0.06444444444444444,0.5,1.0610731099883224,0.15764658328334982,0.7218274046781993,1.448655501064158,0.0
1.5,0.11888888888888888,0.0,0.50972390152432,0.1172796711114303,0.2798183738496855,0.7332982737791849,0.0
1.5,0.11888888888888888,0.1,0.4560538021032098,0.11948680700527495,0.11517383258108149,0.5941632868412328,0.05
1.5,0.11888888888888888,0.2,0.5637696350699027,0.18294109412612466,0.28992669092552753,0.9402098002671636,0.05
1.5,0.11888888888888888,0.30000000000000004,0.7070486502641311,0.16878822084348177,0.4516182558438697,1.0328140763394962,0.05
1.5,0.11888888888888888,0.4,0.869219160226843,0.21917915852778033,0.5983051554683143,1.6374705517218286,0.05
1.5,0.11888888888888888,0.5,1.1311051416342954,0.2846212835949378,0.7163177874758018,2.0446555401074775,0.2
1.5,0.17333333333333334,0.0,0.66398559558102,0.30459843809444637,0.20917646303103676,1.3488276290779968,0.15
1.5,0.17333333333333334,0.1,0.580057614569762,0.26988878407094374,0.22157844160692303,1.273394424087257,0.1
1.5,0.17333333333333334,0.2,0.5929941110782891,0.09764064136396801,0.39959438482031256,0.7812900279045479,0.0
1.5,0.17333333333333334,0.30000000000000004,0.6626783661367683,0.11859807972993369,0.510321332103079,0.9922627030360346,0.05
1.5,0.17333333333333334,0.4,0.7726429595867776,0.11273497998526377,0.6003466852935272,1.0287128458070223,0.05
1.5,0.17333333333333334,0.5,1.0640635854071339,0.13952579222766517,0.7785143556103205,1.3451227951147624,0.05
1.5,0.22777777777777777,0.0,0.5354554548783033,0.15113684347299827,0.29838136063541976,0.8458206333508542,0.0
1.5,0.22777777777777777,0.1,0.4952839160299748,0.1391023042826106,0.3000082767907346,0.7672502447145623,0.0
1.5,0.22777777777777777,0.2,0.5298701405082022,0.12142028547650836,0.3250039513032852,0.7514907405158611,0.05
1.5,0.22777777777777777,0.30000000000000004,0.6475257000040636,0.13356048164078071,0.4277188505787869,0.9067731480320447,0.05
1.5,0.22777777777777777,0.4,0.8158100616080889,0.1470834874906972,0.6035527539706008,1.08311082395595,0.05
1.5,0.22777777777777777,0.5,1.0317186518237969,0.21954857211661233,0.6914963761139473,1.8140375320264928,0.05
1.5,0.2822222222222222,0.0,0.652964863114233,0.30039145187534805,0.2749512198793327,1.7515894611413083,0.1
1.5,0.2822222222222222,0.1,0.5520490748802762,0.17059554012833386,0.1961860804475703,0.8662311470819017,0.05
1.5,0.2822222222222222,0.2,0.7699809979910961,0.8030181739106411,0.3451566328913224,4.115369703239251,0.1
1.5,0.2822222222222222,0.30000000000000004,0.691453790255578,0.19267265143703666,0.22975049532386266,1.0032555267192584,0.0
1.5,0.2822222222222222,0.4,0.8742857020338389,0.11845698915533054,0.6723210710697936,1.2498975575064206,0.1
1.5,0.2822222222222222,0.5,1.1079473297207785,0.15245351028395368,0.792365063994678,1.3477230990125633,0.0
1.5,0.33666666666666667,0.0,0.555984679451944,0.17705122263498183,0.08226023012842498,0.8266520001849808,0.0
1.5,0.33666666666666667,0.1,0.7284482342371221,0.41469590578020576,0.2343284564023575,1.8159821792168083,0.2
1.5,0.33666666666666667,0.2,0.7571667968081568,0.664657264536458,0.35134852227620605,3.49081452960421,0.1
1.5,0.33666666666666667,0.30000000000000004,0.7876640851964523,0.21316812290569784,0.38047156574010327,1.3364411870028194,0.1
1.5,0.33666666666666667,0.4,0.9917102355168961,0.4263881011268965,0.6433682653324835,2.5099542810118214,0.1
1.5,0.33666666666666667,0.5,1.1619997457019666,0.4391271861674334,0.7537919330054013,2.912696278889866,0.05
1.5,0.3911111111111111,0.0,0.6327232152762227,0.46379834908279255,0.2816093739388191,2.4655270236369335,0.05
1.5,0.3911111111111111,0.1,0.6600773117855099,0.17648954892525895,0.3906259686564598,1.0819579176293175,0.0
1.5,0.3911111111111111,0.2,0.7331652583777883,0.15490484858144843,0.489193935581681,0.9889080318983381,0.05
1.5,0.3911111111111111,0.30000000000000004,0.8191652712434176,0.1312949586311827,0.6095919001112597,1.1189867952345518,0.0
1.5,0.3911111111111111,0.4,1.0877721113008714,0.362215825535602,0.6180754575323917,2.0616607297540916,0.2
1.5,0.3911111111111111,0.5,1.3910808610867726,0.4955884623064509,1.0153937598593465,3.009893201947868,0.2
1.5,0.44555555555555554,0.0,0.7322763384566222,0.13887001431479068,0.51291464874259,1.011463322380623,0.0
1.5,0.44555555555555554,0.1,0.839018192826188,0.5524349203220756,0.3923057208415451,3.022994227478243,0.2
1.5,0.44555555555555554,0.2,0.9124983729634772,0.5579320580396697,0.4857741172947153,2.8027189535826054,0.15
1.5,0.44555555555555554,0.30000000000000004,1.0467337045814715,0.9095872124092369,0.501869158478349,4.853494625023742,0.15
1.5,0.44555555555555554,0.4,1.3051946084786294,0.7541528220314933,0.7486622793720836,3.4145525936438137,0.15
1.5,0.44555555555555554,0.5,1.2634379136806175,0.10946511314321629,1.0852277480824557,1.4364117892067714,0.0
1.5,0.5,0.0,0.8101095460249687,0.16410474089283272,0.5704588098369705,1.1190668024204926,0.0
1.5,0.5,0.1,0.7912561790947759,0.17356736465080425,0.518773311620476,1.1048098531075639,0.0
1.5,0.5,0.2,0.8406919851769896,0.13465732172528536,0.6771281548157693,1.0911328063931023,0.0
1.5,0.5,0.30000000000000004,0.9010157416067786,0.1254975814672928,0.6817179467466192,1.196410537235327,0.05
1.5,0.5,0.4,1.1664128813621542,0.2082056390561604,0.7918484092493727,1.6700692642568824,0.05
1.5,0.5,0.5,1.539020845305037,0.5021698897795882,1.081074187436909,2.8904433865515182,0.25
2.0,0.01,0.0,0.36725364311754066,0.21361078606619355,0.1241533917047615,0.9324009208855915,0.1
2.0,0.01,0.1,0.27224520629131554,0.16411097420817589,0.004737328926638473,0.5321477193073549,0.05
2.0,0.01,0.2,0.3507960415508647,0.25541902324004045,0.09903020036611604,1.3736460179431558,0.05
2.0,0.01,0.30000000000000004,0.42720856814435476,0.1408741694972771,0.1850351233851925,0.7169133444362658,0.05
2.0,0.01,0.4,0.6545629774036997,0.2121927073428241,0.3119066278241539,1.3673769190943592,0.05
2.0,0.01,0.5,0.9058174619423573,0.4969382758357376,0.6015553012474004,2.9761567540374845,0.05
2.0,0.06444444444444444,0.0,0.3787174322820464,0.1924808845215941,0.10526757404305134,0.8420337131680292,0.1
2.0,0.06444444444444444,0.1,0.34543992840089527,0.21635335698224237,0.02671783326173305,0.9838887666850268,0.1
2.0,0.06444444444444444,0.2,0.43117300217890275,0.3838885185972578,0.13693945409525082,1.919134985536887,0.1
2.0,0.06444444444444444,0.30000000000000004,0.42379142191808344,0.23280314476278854,0.12877333703412974,1.2786491355585201,0.1
2.0,0.06444444444444444,0.4,0.6098680350347043,0.13021805111827336,0.4187127541807848,0.9687719465927287,0.05
2.0,0.06444444444444444,0.5,1.1619392371657478,0.9332599640246151,0.6106301220744573,4.48197659121065,0.2
2.0,0.11888888888888888,0.0,0.33980284071734956,0.14836337912949282,0.00146203220336949,0.607866610045674,0.05
2.0,0.11888888888888888,0.1,0.3325511743464581,0.2690409074241808,0.04048946938505743,1.1872981308519583,0.05
2.0,0.11888888888888888,0.2,0.3882584544314471,0.15467913368684336,0.03528316354314859,0.7103101105019276,0.1
2.0,0.11888888888888888,0.30000000000000004,0.42029723416243864,0.16526385770080962,0.12995785154973188,0.8268216139918825,0.0
2.0,0.11888888888888888,0.4,0.6278537794561211,0.15938172796776354,0.3300719002500845,0.9392738942971305,0.1
2.0,0.11888888888888888,0.5,1.0105562776795227,0.5041622143886378,0.5204888853583163,3.0161850738259766,0.05
2.0,0.17333333333333334,0.0,0.29883938899986545,0.16477536450866515,0.05087219990182479,0.5608386766844564,0.05
2.0,0.17333333333333334,0.1,0.4061180545587553,0.16264783893271847,0.17133448471598434,0.6497443758191974,0.1
2.0,0.17333333333333334,0.2,0.3566085657378503,0.17308237080090477,0.11924845229741576,0.8206266127283182,0.1
2.0,0.17333333333333334,0.30000000000000004,0.43698641162535523,0.15331484364793008,0.16521819651191405,0.7812819840106136,0.0
2.0,0.17333333333333334,0.4,0.9082448241866174,1.19371614604698,0.3015092700423025,5.818415935782356,0.1
2.0,0.17333333333333334,0.5,0.7895890479544634,0.164090910716651,0.4736044356726646,1.039653492655634,0.1
2.0,0.22777777777777777,0.0,0.4371861740602189,0.6143473463106679,0.050338247829308735,2.935915900926988,0.05
2.0,0.22777777777777777,0.1,0.36580303997148034,0.3091341373383749,0.037405785869342345,1.5571269234813019,0.1
2.0,0.22777777777777777,0.2,0.4823604452442217,0.28101806744326335,0.015417307347551479,1.1169726915963964,0.2
2.0,0.22777777777777777,0.30000000000000004,0.4235702742103249,0.29579980065772665,0.18527047062136176,1.543619040028695,0.1
2.0,0.22777777777777777,0.4,0.5849782797535433,0.14571175994210175,0.369483710204503,0.9629495269337345,0.05
2.0,0.22777777777777777,0.5,0.8298288899331665,0.19316245341654892,0.5195009357130467,1.235718920951406,0.05
2.0,0.2822222222222222,0.0,0.38087520610846537,0.22810654013586978,0.04459691388944087,0.9939474091808459,0.1
2.0,0.2822222222222222,0.1,0.3426803907255983,0.14485164205569423,0.0968904109182202,0.5636688303430861,0.05
2.0,0.2822222222222222,0.2,0.46400085801791047,0.1446970312076047,0.22742331601292293,0.777381845415666,0.0
2.0,0.2822222222222222,0.30000000000000004,0.5460679278858098,0.2411742603826565,0.157307085006607,1.1844235356754622,0.15
2.0,0.2822222222222222,0.4,0.74599947052217,0.38426106946598343,0.3826978363534585,2.128567187752063,0.2
2.0,0.2822222222222222,0.5,1.0579682128318564,0.7113998168477622,0.5931555813555354,3.7735303812196634,0.1
2.0,0.33666666666666667,0.0,0.5373814022657195,0.7917428418275491,0.08665788061316892,3.856170814049041,0.05
2.0,0.33666666666666667,0.1,0.5862352829030615,0.6930670130138571,0.03730339399622401,3.3435932667138077,0.1
2.0,0.33666666666666667,0.2,0.5544799525670844,0.3816364357703207,0.2259872577693719,1.8376619974147101,0.2
2.0,0.33666666666666667,0.30000000000000004,0.515740460307918,0.14862960353069646,0.24229048825458094,0.8322379237656554,0.0
2.0,0.33666666666666667,0.4,0.7496460714384854,0.2766009940930236,0.4506318599852669,1.734358274033471,0.05
2.0,0.33666666666666667,0.5,0.9884506410409571,0.47104810631018684,0.5386765456393263,2.6441719871281917,0.1
2.0,0.3911111111111111,0.0,0.45390398521411657,0.1372714476746026,0.2674299348578172,0.7566496452805028,0.05
2.0,0.3911111111111111,0.1,0.4245283132741033,0.1563882684449023,0.15798281422979477,0.8721240546448987,0.0
2.0,0.3911111111111111,0.2,0.4913662135694447,0.14579762537229812,0.2312871022668687,0.7961728161185033,0.0
2.0,0.3911111111111111,0.30000000000000004,0.5721812767353861,0.1217716026246859,0.2899636896240403,0.781301766875018,0.0
2.0,0.3911111111111111,0.4,0.7934666045184141,0.33775051498456937,0.4380019434250243,1.9145843926510107,0.15
2.0,0.3911111111111111,0.5,1.1879816304282809,0.5270908113486852,0.8274086750111727,3.1392164685480903,0.15
2.0,0.44555555555555554,0.0,0.5042515679414453,0.13306661489967592,0.2800889664485821,0.8351902720494306,0.0
2.0,0.44555555555555554,0.1,0.572574461430179,0.271460736424933,0.13344453358744596,1.5776933936590452,0.1
2.0,0.44555555555555554,0.2,0.6695343439692751,0.6572105874368067,0.2632570006926583,3.1349711118862156,0.15
2.0,0.44555555555555554,0.30000000000000004,0.6373578986052362,0.20690928234986344,0.3651915732749478,1.23311486107321,0.05
2.0,0.44555555555555554,0.4,0.8988165739766705,0.28275004976619866,0.577765621605766,1.8363169449283046,0.1
2.0,0.44555555555555554,0.5,1.3251193503496534,0.6531646771424141,0.8009503628041744,3.286322174646452,0.2
2.0,0.5,0.0,0.559051342649908,0.23087014801590636,0.2088468998915804,1.141243505443197,0.05
2.0,0.5,0.1,0.7672421755555201,0.5467438851036551,0.36583019897808533,2.87357499064716,0.1
2.0,0.5,0.2,0.812304948464579,0.48559209043718904,0.44848215502751765,2.8251967401927973,0.05
2.0,0.5,0.30000000000000004,0.7584226425583637,0.10744425013637521,0.49794272035015824,1.0145815959577538,0.1
2.0,0.5,0.4,0.8584060812571905,0.1689527184028365,0.5070523639811899,1.2146633010768322,0.1
2.0,0.5,0.5,1.1556619357574998,0.300847627263747,0.8206526536181773,2.0836687744550284,0.1
2.5,0.01,0.0,0.33362135840856916,0.261078687566014,0.008653544274985464,1.282572721829681,0.05
2.5,0.01,0.1,0.3212420241836871,0.32497208064802574,0.008662929571536998,1.563388083206631,0.1
2.5,0.01,0.2,0.33787285732996597,0.40050815460875494,0.006690550982950837,1.838700612989461,0.15
2.5,0.01,0.30000000000000004,0.3585957119596549,0.16692039699768374,0.09113820047698912,0.8832960677519397,0.05
2.5,0.01,0.4,0.760970648046355,0.5426611676126821,0.2594059791974263,2.636478076567529,0.1
2.5,0.01,0.5,0.7867080675930846,0.22458975604889883,0.46930096107366737,1.3136158919595238,0.1
2.5,0.06444444444444444,0.0,0.2361552626788217,0.14426548579114945,0.046989241769315876,0.5275131456439666,0.1
2.5,0.06444444444444444,0.1,0.26183850639859396,0.2163979533332734,0.022943901823564955,0.832359228446947,0.1
2.5,0.06444444444444444,0.2,0.32969748177949787,0.15719177833119094,0.1048087497498453,0.7528762563941327,0.05
2.5,0.06444444444444444,0.30000000000000004,0.5498737619783467,0.5158262190777456,0.2792563552804824,2.250407563143301,0.1
2.5,0.06444444444444444,0.4,0.5860815072964307,0.1293906656255577,0.2979582425678754,0.7895874293105944,0.15
2.5,0.06444444444444444,0.5,0.829657024768926,0.2850975233545433,0.4950765876507208,1.8299671290275188,0.15
2.5,0.11888888888888888,0.0,0.254196688699349,0.2589699114992433,0.01819980994726969,1.1049551029998324,0.05
2.5,0.11888888888888888,0.1,0.15735761827875946,0.1412333228526258,0.0006161067479757143,0.4808430243186533,0.05
2.5,0.11888888888888888,0.2,0.31115655358759203,0.3382386648407698,0.026374746974003993,1.6801523073800209,0.05
2.5,0.11888888888888888,0.30000000000000004,0.5186282815415549,0.5673504342320923,0.09738084935248004,2.0380824250824485,0.15
2.5,0.11888888888888888,0.4,0.5352838966620902,0.13194863836607218,0.3275087747847033,0.9011048347097685,0.2
2.5,0.11888888888888888,0.5,0.8115428286808806,0.37814314656232234,0.4654711376374871,2.259509134146663,0.15
2.5,0.17333333333333334,0.0,0.32628519537196743,0.2713318565306418,0.0010735863170843463,1.3230614186773109,0.05
2.5,0.17333333333333334,0.1,0.2986371914348088,0.20297833998141943,0.013463878430291898,0.6736989702941024,0.15
2.5,0.17333333333333334,0.2,0.2624999190864807,0.15398411696400088,0.06526088202289676,0.590927923433728,0.05
2.5,0.17333333333333334,0.30000000000000004,0.5192243039705229,0.8341544895400282,0.0970947059357527,4.019502471476897,0.1
2.5,0.17333333333333334,0.4,0.5696176595854316,0.14992223061171414,0.2918250536873793,0.8731264380434418,0.1
2.5,0.17333333333333334,0.5,0.8981925442386303,0.49008454947552565,0.47166920608320195,2.73948202406643,0.15
2.5,0.22777777777777777,0.0,0.24155254813009855,0.1501086518258758,0.02478163616731252,0.469716761976704,0.05
2.5,0.22777777777777777,0.1,0.2673027166394727,0.2520615734698936,0.005386733484048722,1.2575007226963386,0.05
2.5,0.22777777777777777,0.2,0.2659351087868345,0.13653260279287838,0.014446236789697864,0.4804834341702914,0.0
2.5,0.22777777777777777,0.30000000000000004,0.5104207305682633,0.4694367308475502,0.11522694998578042,1.6707458115015115,0.15
2.5,0.22777777777777777,0.4,0.5935872921884694,0.17679680653158034,0.34625781385688326,1.080555141135058,0.15
2.5,0.22777777777777777,0.5,0.8514283151075555,0.2126536266762716,0.5821193304850022,1.5579066063616653,0.1
2.5,0.2822222222222222,0.0,0.3443409588611896,0.2396658160649358,0.07962376648234398,1.1092607126780778,0.1
2.5,0.2822222222222222,0.1,0.28833596053520455,0.15437133334551323,0.016284070052794752,0.6085934796240965,0.05
2.5,0.2822222222222222,0.2,0.3544984267351893,0.17653986769401692,0.0401388050388648,0.9205979693536654,0.05
2.5,0.2822222222222222,0.30000000000000004,0.42612643299184116,0.15268553867684895,0.16320136356338685,0.7204975068089065,0.0
2.5,0.2822222222222222,0.4,0.7314949196814012,0.751250753694031,0.2208468936466607,3.624989564994565,0.1
2.5,0.2822222222222222,0.5,0.7854925565178125,0.15535486082514,0.5068565310106228,1.1201839370894768,0.05
2.5,0.33666666666666667,0.0,0.4389181116032356,0.3438720604510906,0.12152620453922108,1.7688950378623298,0.05
2.5,0.33666666666666667,0.1,0.3643323752374858,0.35501458761234805,0.004723039262945095,1.5658241433571867,0.1
2.5,0.33666666666666667,0.2,0.6536142947270521,0.7794744435351492,0.08472048424835116,2.6782491008689204,0.3
2.5,0.33666666666666667,0.30000000000000004,0.5071248597482225,0.2101294785309232,0.24651080586009314,1.2036812930937202,0.1
2.5,0.33666666666666667,0.4,0.6226945554618794,0.12457802811357854,0.300832988630059,0.8446182705226599,0.05
2.5,0.33666666666666667,0.5,0.9670627115339636,0.4867719776691038,0.5145559493756526,2.686275316158552,0.25
2.5,0.3911111111111111,0.0,0.47521413767960236,0.23031321553921527,0.04199830524199866,0.9759464834980431,0.15
2.5,0.3911111111111111,0.1,0.3869621036323682,0.22445035005056563,0.056685996289164875,1.160674892083407,0.1
2.5,0.3911111111111111,0.2,0.46760534585275665,0.2957672964078312,0.1493842642799408,1.5423262451010489,0.1
2.5,0.3911111111111111,0.30000000000000004,0.5110373792166342,0.27599040746827574,0.19671795011971271,1.353670365399211,0.1
2.5,0.3911111111111111,0.4,0.9446097422834372,1.1334847619859472,0.23260822164308997,5.545739479969367,0.2
2.5,0.3911111111111111,0.5,1.0224139007372344,0.790739988796685,0.514185243593281,4.326483837157441,0.15
2.5,0.44555555555555554,0.0,0.48903895618701404,0.18846465933294465,0.2638902553105349,1.1671176325109571,0.1
2.5,0.44555555555555554,0.1,0.42680830986766544,0.16990712877318515,0.17104638926144686,0.8019270477026071,0.0
2.5,0.44555555555555554,0.2,0.6661073133083041,0.6305233628907692,0.19193331053873558,2.487285407719777,0.15
2.5,0.44555555555555554,0.30000000000000004,0.6842905494786019,0.5308205695724849,0.2604151020202102,2.7593172880532797,0.2
2.5,0.44555555555555554,0.4,0.890348771904075,0.4274404784564986,0.3818983593312246,2.3368060373149997,0.1
2.5,0.44555555555555554,0.5,1.0206932221217146,0.23121005306722067,0.8341939938512528,1.8534727696771158,0.1
2.5,0.5,0.0,0.5142243476338508,0.16964255280702167,0.3836019438457945,1.1030446964539742,0.1
2.5,0.5,0.1,0.43170074940073444,0.13434924605130644,0.1975614740910951,0.7028596620036281,0.0
2.5,0.5,0.2,0.4846593551972639,0.18871109599485297,0.15814155226253995,0.8384357707853014,0.1
2.5,0.5,0.30000000000000004,0.688245832955551,0.38237153419661146,0.2826282493501981,2.230028153837936,0.05
2.5,0.5,0.4,0.7991961665265757,0.0974434809099655,0.6192730468998585,0.9728894737868844,0.05
2.5,0.5,0.5,1.0620698727929692,0.24946705816948528,0.767139321128147,1.9474834842609807,0.1
3.0,0.01,0.0,0.2976828080097563,0.1581711141738445,0.050048141424783865,0.5591102518442279,0.1
3.0,0.01,0.1,0.28802726581716553,0.12149622411691999,0.019170151674743396,0.4595200107708921,0.0
3.0,0.01,0.2,0.5175563018212238,0.7396179814303228,0.029225917794352463,3.5778725590693803,0.1
3.0,0.01,0.30000000000000004,0.5070691040271014,0.17611520052980703,0.2665277633477583,1.0334276048347881,0.2
3.0,0.01,0.4,0.663941979686439,0.16672051335188562,0.34103684019462155,1.1201166453616338,0.2
3.0,0.01,0.5,0.972611718056919,0.3145748644746263,0.5377314765727754,1.9270101004690154,0.25
3.0,0.06444444444444444,0.0,0.29568015641192213,0.22012876389200606,0.00599326532803468,0.9335439870776112,0.1
3.0,0.06444444444444444,0.1,0.5012243124374266,0.5063390722863703,0.16285565460579657,2.296064376566924,0.1
3.0,0.06444444444444444,0.2,0.3586285271630736,0.18892722382524463,0.03390687986548002,1.0066002860322003,0.05
3.0,0.06444444444444444,0.30000000000000004,0.5130752867735999,0.3620719802730819,0.12743239215414648,1.8450023417320993,0.15
3.0,0.06444444444444444,0.4,0.6456111360098624,0.28260904210131527,0.2624634110257733,1.535898716276813,0.1
3.0,0.06444444444444444,0.5,0.8988882091647191,0.27217998464825155,0.6257165420838715,1.922001629711771,0.1
3.0,0.11888888888888888,0.0,0.30466356032026376,0.1680746965622232,0.017642965609325045,0.6216696976006209,0.0
3.0,0.11888888888888888,0.1,0.3440064161102973,0.23104423050457137,0.10252010434831418,1.162025684507062,0.05
3.0,0.11888888888888888,0.2,0.37139005229405797,0.2628832553096981,0.07268218948918381,1.1169966379168819,0.15
3.0,0.11888888888888888,0.30000000000000004,0.5496378228877491,0.5077300980286654,0.024810491175307092,2.5440808936726893,0.1
3.0,0.11888888888888888,0.4,0.6206116327005301,0.19753010728103476,0.28891419527206674,1.0054206020390175,0.1
3.0,0.11888888888888888,0.5,1.0718144168933394,0.6138502136597312,0.5332689868348177,3.1255889326466453,0.35
3.0,0.17333333333333334,0.0,0.309890090025278,0.12679943767447713,0.08522176747320062,0.5591382959738389,0.0
3.0,0.17333333333333334,0.1,0.3861205649839154,0.25537723605803697,0.04923496159139093,1.0423875586922489,0.15
3.0,0.17333333333333334,0.2,0.342069828986147,0.14289915234598224,0.019946362183802913,0.6475846417931278,0.0
3.0,0.17333333333333334,0.30000000000000004,0.636781598099465,0.5975087144863381,0.1364175519552291,2.6572026937258477,0.35
3.0,0.17333333333333334,0.4,0.6685964509364946,0.22627473837257056,0.4630304721434725,1.4615096556549734,0.15
3.0,0.17333333333333334,0.5,0.7818970609163166,0.26034806894155416,0.4037540348380727,1.613062272730535,0.05
3.0,0.22777777777777777,0.0,0.41497112813725884,0.4970037130696593,0.09976650079542132,2.3356411029950594,0.1
3.0,0.22777777777777777,0.1,0.3204206873963561,0.16931323221172814,0.052179735836974384,0.6667201469915407,0.05
3.0,0.22777777777777777,0.2,0.48398825882668073,0.5130386275713125,0.10841577105302116,2.5548221754078884,0.15
3.0,0.22777777777777777,0.30000000000000004,0.5964228524176942,0.4176275621426927,0.15600744157554036,1.877304396540647,0.15
3.0,0.22777777777777777,0.4,0.7406500685835461,0.49268221882306307,0.2314295914930295,2.505623010147617,0.1
3.0,0.22777777777777777,0.5,0.9309297467386877,0.41375088870481647,0.5156527572853389,2.1350715486881158,0.15
3.0,0.2822222222222222,0.0,0.6220521956560171,0.9212866184124064,0.13894309886989512,4.354352312378714,0.2
3.0,0.2822222222222222,0.1,0.33377920408326833,0.17330893221227842,0.08855104802934649,0.6893093876200087,0.05
3.0,0.2822222222222222,0.2,0.38643586971089244,0.15724088968877345,0.08502424858148716,0.6809823146089757,0.0
3.0,0.2822222222222222,0.30000000000000004,0.6352348148507035,0.43767382424517126,0.32401864675048886,2.165788384224069,0.2
3.0,0.2822222222222222,0.4,0.7502536049740723,0.294398286305934,0.281030277463381,1.685640325729577,0.3
3.0,0.2822222222222222,0.5,1.177203379244874,1.0530934162577414,0.6408763042727266,5.477785163203019,0.35
3.0,0.33666666666666667,0.0,0.44013452349356363,0.29613215392103714,0.11357291558125032,1.2011653388318209,0.15
3.0,0.33666666666666667,0.1,0.4821121711607219,0.3671273922776242,0.07174352872701256,1.7400232417257442,0.2
3.0,0.33666666666666667,0.2,0.47825299479621475,0.4020068116801958,0.17346201036008457,2.0385799349358242,0.15
3.0,0.33666666666666667,0.30000000000000004,0.6560945480120443,0.5538218981647666,0.1970862699031487,2.775536552153869,0.1
3.0,0.33666666666666667,0.4,0.7599659391477902,0.2500630531465113,0.46105430044407286,1.430977048945672,0.15
3.0,0.33666666666666667,0.5,1.0600492719917676,0.455036069607146,0.6547407968948239,2.8970827920253885,0.15
3.0,0.3911111111111111,0.0,0.5326420948328396,0.41324313733653434,0.08672560997961787,1.666687026995236,0.15
3.0,0.3911111111111111,0.1,0.4829605360399679,0.3241045272475147,0.027826623708821663,1.6502960957771042,0.05
3.0,0.3911111111111111,0.2,0.5597514400586528,0.37167054740797645,0.04775840428431943,1.6086179255565567,0.1
3.0,0.3911111111111111,0.30000000000000004,0.866145601667862,1.0062752159240793,0.3817191291134924,5.006209767412051,0.15
3.0,0.3911111111111111,0.4,0.7341185353176429,0.16211249332321584,0.4574564920680445,1.0013403932908438,0.05
3.0,0.3911111111111111,0.5,1.1038699899142523,0.29738734163131836,0.7330182583490936,1.9765499237235482,0.25
3.0,0.44555555555555554,0.0,0.6860796037697344,0.558850343496156,0.07724483370500657,2.7339979657922795,0.25
3.0,0.44555555555555554,0.1,0.6721199319747047,0.5868397396882649,0.18543772279149334,2.7818442573454183,0.1
3.0,0.44555555555555554,0.2,0.5191478317651027,0.1952961142826972,0.23407166916632666,0.9238404685266892,0.15
3.0,0.44555555555555554,0.30000000000000004,0.8792608783523488,0.6601287944266063,0.46020473709074106,3.536085136297764,0.15
3.0,0.44555555555555554,0.4,0.8831249134120919,0.3177154957939491,0.5678732740328369,2.016187930320167,0.1
3.0,0.44555555555555554,0.5,1.0373705063570575,0.187169975268655,0.7384348143625847,1.5133723821534422,0.1
3.0,0.5,0.0,0.7458690415513869,0.47951170104772745,0.3973535910807957,2.420404798706403,0.15
3.0,0.5,0.1,0.74306914906591,0.5363888077770325,0.3393777203578031,2.8301229053129284,0.15
3.0,0.5,0.2,0.7477799094148316,0.649953977332353,0.3047487340739364,3.4071297930808258,0.1
3.0,0.5,0.30000000000000004,0.9007199885620096,0.3238171349126642,0.5727769077088495,1.7201058083997731,0.2
3.0,0.5,0.4,0.9431224655770281,0.3958164631501491,0.6182411653873672,2.5074528561933564,0.05
3.0,0.5,0.5,1.1295600969337103,0.2417380294997264,0.7984962035101719,1.7204819914528113,0.15
3.5,0.01,0.0,0.6235844354396431,0.2897005692741159,0.35582887845947697,1.5068805706234176,0.1
3.5,0.01,0.1,0.591962797612295,0.28922249548109796,0.22007808571732335,1.6127556192999832,0.15
3.5,0.01,0.2,0.6936162016112452,0.272365259143179,0.3343815799505102,1.3539534109677247,0.25
3.5,0.01,0.30000000000000004,0.9047831437777847,0.5522884713347304,0.5342289923197194,2.8645510873228766,0.2
3.5,0.01,0.4,0.8858278385962951,0.20605890384643502,0.5604160890648175,1.5116400877279712,0.1
3.5,0.01,0.5,1.270541392532404,0.45747469458681306,0.7877414796494226,2.5622193020607638,0.25
3.5,0.06444444444444444,0.0,0.6587595692554827,0.4024711027615454,0.23990135861012102,2.1102236388134252,0.1
3.5,0.06444444444444444,0.1,0.5262556169551821,0.22257848832488877,0.17832565056734173,1.0025186236514019,0.1
3.5,0.06444444444444444,0.2,0.6834839852466132,0.34096744399395945,0.3211838935544338,1.6820747005842107,0.1
3.5,0.06444444444444444,0.30000000000000004,0.8085414877456184,0.3711361108994797,0.4544737553862811,1.9577592533777612,0.15
3.5,0.06444444444444444,0.4,0.778017576688803,0.16696459129737284,0.4347395874580046,1.1682678208501571,0.2
3.5,0.06444444444444444,0.5,1.2160122075361766,0.43325873127176606,0.6445363261528929,2.7029245120136207,0.2
3.5,0.11888888888888888,0.0,0.5514123063339225,0.10400105059493772,0.338036245772143,0.7644318968098546,0.0
3.5,0.11888888888888888,0.1,0.6352145338039173,0.39422375136350124,0.3620453252931472,2.1031908694898798,0.1
3.5,0.11888888888888888,0.2,0.5611423857778572,0.20066958084653477,0.10643187742821264,1.0512710463562667,0.1
3.5,0.11888888888888888,0.30000000000000004,0.8966984397348083,0.7081138935237746,0.20212894632570882,2.7470266366213383,0.2
3.5,0.11888888888888888,0.4,0.9788892088570103,0.48154241358543926,0.6077500780269082,2.4927488631180843,0.15
3.5,0.11888888888888888,0.5,1.1133734171028329,0.32363810362350615,0.7717278325642225,1.893517455589417,0.2
3.5,0.17333333333333334,0.0,0.5546177591700753,0.18002641601185837,0.3345762377486965,1.0696043092110956,0.05
3.5,0.17333333333333334,0.1,0.8228143779208095,1.1048470154225971,0.10489121599421863,4.934456871139686,0.1
3.5,0.17333333333333334,0.2,0.6579237727103505,0.4153179866113137,0.2519909196609847,2.2605014994260233,0.1
3.5,0.17333333333333334,0.30000000000000004,0.7605803930811454,0.6184219528865926,0.4099200537328269,3.3172587524587023,0.05
3.5,0.17333333333333334,0.4,0.9469050514880614,0.2797826700868613,0.6030648898646542,1.8154104660823402,0.1
3.5,0.17333333333333334,0.5,1.2447616490797384,0.48288319817601794,0.720912185530215,2.6081248817093936,0.2
3.5,0.22777777777777777,0.0,0.5683540038632195,0.276718445893178,0.2401488129505756,1.6108091508774054,0.15
3.5,0.22777777777777777,0.1,0.6054416723173562,0.1943351342209925,0.13186513115075044,1.083988382066145,0.1
3.5,0.22777777777777777,0.2,0.6388840880550541,0.3340465322703772,0.2949256303862294,1.6016285170925153,0.15
3.5,0.22777777777777777,0.30000000000000004,0.7651751571463712,0.26909798982517125,0.5281934865496056,1.7630816779530778,0.2
3.5,0.22777777777777777,0.4,0.9476650569249015,0.37655902617549936,0.5009651595189673,2.0292590321635986,0.15
3.5,0.22777777777777777,0.5,1.1687122222280775,0.5432666065111519,0.7102952825342559,3.2837369213305703,0.15
3.5,0.2822222222222222,0.0,0.7040171453143855,0.37131935320583603,0.3455406806084757,2.0091087917507213,0.2
3.5,0.2822222222222222,0.1,0.5382571988607605,0.2120913862977822,0.31174688044358345,1.2933754773582162,0.05
3.5,0.2822222222222222,0.2,0.609941423052257,0.16549037758139945,0.35229403592020647,0.8975920067881002,0.05
3.5,0.2822222222222222,0.30000000000000004,0.7701345115276552,0.37426608590909943,0.3381076344777975,2.1959692128046604,0.1
3.5,0.2822222222222222,0.4,1.1199381199655583,0.5474144636700206,0.6992189423146569,2.611340133179903,0.25
3.5,0.2822222222222222,0.5,1.0820108311934602,0.15807478825459131,0.7243652716025435,1.3296192492955385,0.0
3.5,0.33666666666666667,0.0,0.6179650073931421,0.15341019238967882,0.2502725688284758,0.8019030748528991,0.05
3.5,0.33666666666666667,0.1,0.6355188882495483,0.22879051645678652,0.28454785721187964,1.3171659157811129,0.1
3.5,0.33666666666666667,0.2,0.6350590507477551,0.1291575739431464,0.3578618847900089,0.8405981624957071,0.05
3.5,0.33666666666666667,0.30000000000000004,0.9719074722897858,0.5451567804388763,0.481698028006054,3.145702631204792,0.2
3.5,0.33666666666666667,0.4,0.894166650005461,0.1987000270762751,0.6230352041234368,1.3606590041122326,0.1
3.5,0.33666666666666667,0.5,1.4301420014986486,0.5615583610709856,0.9228364520416852,3.3384783973317824,0.25
3.5,0.3911111111111111,0.0,0.744479112766521,0.4216116163334401,0.4468073762009487,2.460925230990361,0.05
3.5,0.3911111111111111,0.1,0.6335443131638756,0.12877422693468626,0.43042142660482696,0.9030056922033411,0.15
3.5,0.3911111111111111,0.2,0.9581779090937106,0.720108655479842,0.37895851700150696,3.373154019862041,0.25
3.5,0.3911111111111111,0.30000000000000004,0.7838710557311974,0.19132819091781247,0.42989797982402306,1.1328222368961982,0.1
3.5,0.3911111111111111,0.4,1.0760143243399543,0.4601016649077466,0.611750913272072,2.565089884313129,0.2
3.5,0.3911111111111111,0.5,1.3054466270552818,0.4714383982182926,0.8923897302980636,2.825550910135297,0.1
3.5,0.44555555555555554,0.0,0.7514379740638406,0.18076742727593392,0.4039965538563211,1.1363028099386119,0.0
3.5,0.44555555555555554,0.1,0.8358995490499325,0.36943741703698696,0.5420860660828896,2.2962262222119083,0.1
3.5,0.44555555555555554,0.2,0.8885718052523073,0.34545840024627616,0.3147426979394555,2.011596463169091,0.15
3.5,0.44555555555555554,0.30000000000000004,0.8817808131304712,0.2467451601991372,0.5265468316942951,1.4428026920629313,0.2
3.5,0.44555555555555554,0.4,1.0962761877405733,0.23223858568636727,0.7772203174696274,1.7924891043840385,0.25
3.5,0.44555555555555554,0.5,1.3874232238851418,0.3157189574618168,0.9867254042387392,2.311631209064248,0.25
3.5,0.5,0.0,0.9624624990995299,0.48270604542924483,0.6076321056422703,2.585743416428503,0.15
3.5,0.5,0.1,0.8338407435927229,0.2165079009964854,0.49164487057430567,1.5859784701628672,0.1
3.5,0.5,0.2,1.105305686857239,0.5930617158845073,0.6673110455399431,3.1911576706166036,0.2
3.5,0.5,0.30000000000000004,0.9580670944436183,0.25603955328802463,0.5876193967886727,1.5195616851570146,0.3
3.5,0.5,0.4,1.0685925137164085,0.19002409193061207,0.6646339858557588,1.4214656123125997,0.05
3.5,0.5,0.5,1.3618328444104937,0.20899418729576152,1.18198109267186,2.1588923586403226,0.05
4.0,0.01,0.0,1.0368573981748077,0.3976024950037706,0.7433623297942834,2.5262238911208352,0.2
4.0,0.01,0.1,0.9830683881770691,0.33487431117676797,0.6257112043282398,1.914010961094141,0.3
4.0,0.01,0.2,1.1879483608273098,1.038001806861329,0.7332160730010886,5.54312229746901,0.1
4.0,0.01,0.30000000000000004,1.094010017734496,0.24796692834093512,0.7717381918752216,1.8136978038965745,0.15
4.0,0.01,0.4,1.395858705149487,0.548414294109466,0.9368284498556343,2.9183976761646377,0.25
4.0,0.01,0.5,1.5515013746790052,0.2229285382170197,1.1647791066861535,2.134457853296723,0.15
4.0,0.06444444444444444,0.0,1.0023139432051589,0.3307653782135312,0.6389683342378282,2.14194213982127,0.2
4.0,0.06444444444444444,0.1,1.1299091472103455,0.5439115790759849,0.6248442110778674,2.466830869397111,0.25
4.0,0.06444444444444444,0.2,0.9820353718572947,0.2302191763322601,0.7675546633241862,1.8166598408316663,0.05
4.0,0.06444444444444444,0.30000000000000004,0.9949526545258778,0.2503447543904557,0.7728249856245928,1.9249926194454203,0.05
4.0,0.06444444444444444,0.4,1.3878061706988887,0.8620489136468468,0.8276612700267014,4.6485704474525695,0.1
4.0,0.06444444444444444,0.5,1.439873152077407,0.19046698525564143,1.1073839134148313,1.8633266739951417,0.05
4.0,0.11888888888888888,0.0,0.8488542370740666,0.15045452107792595,0.5306650472111181,1.12033758720685,0.0
4.0,0.11888888888888888,0.1,1.163431721784428,0.6964004911853261,0.764880505568154,3.591897887872286,0.3
4.0,0.11888888888888888,0.2,1.0702515395748486,0.39450039885984023,0.6386815467495566,2.0744481238562447,0.15
4.0,0.11888888888888888,0.30000000000000004,1.0861799231608693,0.21115403359044824,0.6350870826749525,1.6251524690025563,0.1
4.0,0.11888888888888888,0.4,1.4068560146853017,0.5582573939456983,0.7966803368487495,3.4494058412867052,0.35
4.0,0.11888888888888888,0.5,1.4525021912527787,0.22798206235146617,1.104645353643106,1.876171633464753,0.15
4.0,0.17333333333333334,0.0,0.9263386338477734,0.1591506714406045,0.6043455964810642,1.3529137750481817,0.05
4.0,0.17333333333333334,0.1,0.9785526889909546,0.34934141224070625,0.6180205596217857,2.164901055276444,0.2
4.0,0.17333333333333334,0.2,0.8994177882368364,0.18930224850555194,0.6410725629652809,1.2811862443001762,0.0
4.0,0.17333333333333334,0.30000000000000004,1.0482590609249156,0.2302511017186568,0.6706979990738451,1.7725802358430696,0.1
4.0,0.17333333333333334,0.4,1.3651264156474632,0.3357844080076459,1.0321542793151006,2.3521350929159195,0.2
4.0,0.17333333333333334,0.5,1.475701631932399,0.30600859861034985,1.0739201443339703,2.556794502732034,0.05
4.0,0.22777777777777777,0.0,1.0097533779805958,0.4847420008835804,0.6941933668419772,3.0014693937730645,0.1
4.0,0.22777777777777777,0.1,0.9013982871196692,0.1480424829630837,0.6811110774228347,1.224028548760669,0.05
4.0,0.22777777777777777,0.2,1.0399926280407015,0.2649959201678126,0.7034818374956486,1.9985739202312345,0.2
4.0,0.22777777777777777,0.30000000000000004,1.269893001343259,0.47610978761680045,0.822750337123559,2.757332148761083,0.3
4.0,0.22777777777777777,0.4,1.3924361996140793,0.30816046625466315,1.0347767984760086,2.213696888643145,0.35
4.0,0.22777777777777777,0.5,1.6593357887134776,0.435970879117518,1.1640669201017237,2.578369514201162,0.3
4.0,0.2822222222222222,0.0,1.0375639797764897,0.12381191944990419,0.7711759428161595,1.2715659871306506,0.1
4.0,0.2822222222222222,0.1,1.0239667212799386,0.4037943280628706,0.6273720937351244,2.3698253811319834,0.1
4.0,0.2822222222222222,0.2,1.1082404684125942,0.49548972447061096,0.63631256082824,2.5967046245641017,0.1
4.0,0.2822222222222222,0.30000000000000004,1.465118584787835,0.515234558680067,0.9099609867394519,2.592208966063036,0.35
4.0,0.2822222222222222,0.4,1.6057405948515497,0.6875995614994178,1.0936381283449448,3.427311510179597,0.35
4.0,0.2822222222222222,0.5,1.8724779195617969,0.7803848328704897,1.283761544780046,4.618886825559991,0.35
4.0,0.33666666666666667,0.0,1.1771450560324122,0.6148977536084413,0.7739826438276292,3.6457193801919803,0.2
4.0,0.33666666666666667,0.1,1.0967345572101475,0.43489816484467503,0.7505634233932279,2.390279139518956,0.1
4.0,0.33666666666666667,0.2,1.1855867775052742,0.5048549969450374,0.7551677469243852,2.5687164044012656,0.2
4.0,0.33666666666666667,0.30000000000000004,1.1429833373158633,0.16539761192839536,0.8853941909307326,1.612582293275803,0.15
4.0,0.33666666666666667,0.4,1.3379159816572361,0.24226899422572531,1.099336970167862,2.177843173617294,0.1
4.0,0.33666666666666667,0.5,1.854553424340386,0.9162296854530503,1.2786237012014339,4.857106601469827,0.2
4.0,0.3911111111111111,0.0,1.1689758097209237,0.3185003564903942,0.7699511610321672,2.2389434126982994,0.1
4.0,0.3911111111111111,0.1,1.0318530718625107,0.1445707955833971,0.7551316809981347,1.286876504061095,0.0
4.0,0.3911111111111111,0.2,1.070206024323731,0.18261953223410562,0.7952989669533315,1.461278496396836,0.05
4.0,0.3911111111111111,0.30000000000000004,1.1940374340309166,0.17271140186589795,0.904974292049703,1.5784109368772468,0.05
4.0,0.3911111111111111,0.4,1.3020370945917732,0.19384975913269123,0.9511366985429427,1.7632834888994329,0.05
4.0,0.3911111111111111,0.5,1.734851428020915,0.5542412184771995,1.2347162936953822,3.6668687831468945,0.35
4.0,0.44555555555555554,0.0,1.2349384607144338,0.29052943955880695,0.9611865299389581,2.031700950900242,0.15
4.0,0.44555555555555554,0.1,1.3631138091054864,0.6250247278814955,0.778582075065706,3.4171525875051323,0.2
4.0,0.44555555555555554,0.2,1.4204239864617443,0.8430200952338085,0.914446303996828,4.220424158815867,0.2
4.0,0.44555555555555554,0.30000000000000004,1.4285969524813598,0.8138829923215952,0.967614258033124,4.810677909793569,0.2
4.0,0.44555555555555554,0.4,1.7278284961548782,1.0423148273809344,1.1462326551502289,5.519201496499274,0.15
4.0,0.44555555555555554,0.5,1.6930222635289645,0.3070143890417357,1.4571263719359384,2.9446196970059155,0.05
4.0,0.5,0.0,1.322670259023878,0.4212095299248607,0.9147628771173673,2.6610729193297047,0.2
4.0,0.5,0.1,1.1976117516273854,0.16801955248850925,0.9370548720223563,1.465197693529924,0.0
4.0,0.5,0.2,1.386794482539229,0.48929301497170524,0.9678725980411897,3.094232516351929,0.2
4.0,0.5,0.30000000000000004,1.496114314139591,0.5529170161712424,1.0529706156710423,3.515984497559401,0.2
4.0,0.5,0.4,1.6135278819042331,0.36690498775795455,1.15859256089657,2.910981957225121,0.2
4.0,0.5,0.5,1.7648535688013773,0.2446368715856436,1.3697489624650443,2.6213230244853767,0.15
4.5,0.01,0.0,1.5344472846536221,0.18480889800638453,1.1635240367194846,1.950541604294912,0.15
4.5,0.01,0.1,1.5248025614598948,0.19686430779405567,1.317970822958001,2.0680430596703534,0.15
4.5,0.01,0.2,1.548912164440323,0.35707375267913416,1.2092429311555504,2.880807800037482,0.1
4.5,0.01,0.30000000000000004,1.661450668011907,0.2442973397136393,1.3081762515078856,2.4769494255684075,0.2
4.5,0.01,0.4,1.9004447271393172,0.46853486251154175,1.4569144208254907,3.551912031147909,0.25
4.5,0.01,0.5,1.9943608993977446,0.21502190244483643,1.6507146585306933,2.4857403259529534,0.15
4.5,0.06444444444444444,0.0,1.4816000152874884,0.22909893676947363,1.0980576453760285,2.1143470833885343,0.15
4.5,0.06444444444444444,0.1,1.4492063567890447,0.24529105859922276,1.0901581050383446,2.2855330467527057,0.05
4.5,0.06444444444444444,0.2,1.4633929729836237,0.23645937283626106,1.0971625799410487,2.1651731497548234,0.15
4.5,0.06444444444444444,0.30000000000000004,1.7474198502161182,0.5355052909372648,1.259450510368993,3.5085891821461126,0.35
4.5,0.06444444444444444,0.4,1.8716207828970781,0.29839384510384787,1.5360887433503745,2.5050321489755953,0.3
4.5,0.06444444444444444,0.5,2.130904818882034,0.47490776458466083,1.672142211774835,3.454977675934355,0.25
4.5,0.11888888888888888,0.0,1.5272031182235253,0.23853717788888823,1.187845377868863,2.1041063292936584,0.15
4.5,0.11888888888888888,0.1,1.8136165688681174,0.8209095103840403,1.2667320534732724,4.482159948238497,0.25
4.5,0.11888888888888888,0.2,1.5051202561750583,0.21562976215119387,1.1872290999838029,2.1454233067985857,0.15
4.5,0.11888888888888888,0.30000000000000004,1.558771672827405,0.21492883489866949,1.3038094061326873,2.3276241361050385,0.05
4.5,0.11888888888888888,0.4,1.8404786211832778,0.3197311243174295,1.3975631282689893,2.6626350559403407,0.25
4.5,0.11888888888888888,0.5,1.9579439771393072,0.207089297953699,1.5179790547141958,2.3103392003443277,0.1
4.5,0.17333333333333334,0.0,1.6698126954196453,0.7011346028761547,1.2155616859329568,4.332287618339842,0.2
4.5,0.17333333333333334,0.1,1.5363604630095682,0.3795095363976489,1.1676650106537658,3.0529952120478,0.2
4.5,0.17333333333333334,0.2,1.5578745023952223,0.40818226165034893,1.162350761696731,2.903265567902384,0.2
4.5,0.17333333333333334,0.30000000000000004,1.7360079721103543,0.49611551589144165,1.2673581903915494,3.1502259540384916,0.25
4.5,0.17333333333333334,0.4,1.78894942283804,0.222753847501964,1.4872407249257305,2.3967709859009947,0.1
4.5,0.17333333333333334,0.5,2.228657411353504,0.5350637952500202,1.653517524961744,3.1778819665478495,0.3
4.5,0.22777777777777777,0.0,1.5382992327705418,0.4996606270342205,1.2453247722920173,3.604412521361227,0.05
4.5,0.22777777777777777,0.1,1.5933553058156507,0.4652719534255652,1.1858675599875377,2.650667606634989,0.3
4.5,0.22777777777777777,0.2,1.6403855578321878,0.4664822312465032,1.2144867741094376,3.0968166548279927,0.3
4.5,0.22777777777777777,0.30000000000000004,1.8003802821682153,0.5645843396217548,1.2974086790894042,3.883759935242317,0.2
4.5,0.22777777777777777,0.4,2.058943119729829,0.7896636085310439,1.3826956517125573,4.266651235266947,0.2
4.5,0.22777777777777777,0.5,1.976939051079994,0.30262347170873166,1.5887923681608391,2.7729532073487886,0.15
4.5,0.2822222222222222,0.0,1.553256816554423,0.25142332574534526,1.175650831163725,2.2130686624856715,0.15
4.5,0.2822222222222222,0.1,1.6274048217440857,0.36103111381146086,1.2217403160783942,2.5538627123852975,0.25
4.5,0.2822222222222222,0.2,1.5890804315178635,0.2559202047703726,1.2716305051202916,2.5377533900177536,0.1
4.5,0.2822222222222222,0.30000000000000004,1.7097427993175363,0.42244693390501387,1.3293769078825353,3.405365693339437,0.15
4.5,0.2822222222222222,0.4,1.851855057028633,0.18364504820978145,1.6085776245329797,2.4545221243198316,0.05
4.5,0.2822222222222222,0.5,2.0638922058877385,0.35565903961010903,1.7567969922399431,3.438534666515477,0.2
4.5,0.33666666666666667,0.0,1.5760805292419335,0.2208522724137739,1.2855901995813006,2.182464747896696,0.15
4.5,0.33666666666666667,0.1,1.5137528462962415,0.20777724339474404,1.0583564009907915,2.095508888785594,0.1
4.5,0.33666666666666667,0.2,1.5886954979388448,0.17847860026816148,1.2893579318743602,2.107699419022458,0.1
4.5,0.33666666666666667,0.30000000000000004,1.8140857633773688,0.41186513262562896,1.4862908216934898,3.1008256908725853,0.15
4.5,0.33666666666666667,0.4,2.063767164919071,0.44489023145021545,1.6067669990753113,3.0878899806756737,0.25
4.5,0.33666666666666667,0.5,2.27766654515174,0.9166238396537714,1.760689946464439,6.111302657933626,0.15
4.5,0.3911111111111111,0.0,1.7312453869154723,0.26608869183061545,1.2741571797750688,2.5350783679241564,0.25
4.5,0.3911111111111111,0.1,1.6250993785664065,0.2656960762586344,1.2539074415340552,2.37095325499957,0.2
4.5,0.3911111111111111,0.2,1.6659148722712733,0.2659944140226019,1.3812305565287857,2.6087950596638465,0.05
4.5,0.3911111111111111,0.30000000000000004,1.8860093652619454,0.42812606412547516,1.475754009821434,3.4603043398299196,0.3
4.5,0.3911111111111111,0.4,1.8571426179480148,0.17479938793193173,1.5591141195656808,2.219562248052086,0.05
4.5,0.3911111111111111,0.5,2.196160371245052,0.2924252986160495,1.7211571255098483,2.9125145390637726,0.2
4.5,0.44555555555555554,0.0,1.7628216541800719,0.24218482939120461,1.4338261243331005,2.5107727665873685,0.15
4.5,0.44555555555555554,0.1,1.7205757319851578,0.24495470388657692,1.3094173923297112,2.3513121654132005,0.2
4.5,0.44555555555555554,0.2,1.7507593947480438,0.2912172723672015,1.3535742407140412,2.4638944044051003,0.2
4.5,0.44555555555555554,0.30000000000000004,1.8461780353876605,0.39561826769781855,1.3648524955055954,2.857848064997022,0.2
4.5,0.44555555555555554,0.4,2.133364480513437,0.824114331764444,1.676184869027908,5.577990004987702,0.1
4.5,0.44555555555555554,0.5,2.1949238732496017,0.3589053769504077,1.9003577895557973,3.425037766622981,0.15
4.5,0.5,0.0,1.8804908244791825,0.8947910461255234,1.445333709119152,5.6147604989788285,0.1
4.5,0.5,0.1,1.724881793248938,0.43285434497109787,1.339115214938969,3.459078709461423,0.1
4.5,0.5,0.2,1.7709407683362912,0.18975776456392263,1.5458617772774268,2.254501392525926,0.15
4.5,0.5,0.30000000000000004,1.856962231046356,0.19090753900848303,1.5249917574540202,2.2015067320007957,0.15
4.5,0.5,0.4,2.1291486622269207,0.527231331779173,1.5723440066755536,3.543088400607841,0.2
4.5,0.5,0.5,2.326190172161271,0.3644853321178623,1.8678941774066549,3.269416453687172,0.2
5.0,0.01,0.0,2.293022822171183,0.493067777862322,1.870337149737578,3.783474411475172,0.25
5.0,0.01,0.1,2.1559486507650663,0.37976447529195007,1.9046809339568738,3.642256361400385,0.05
5.0,0.01,0.2,2.3432042410465206,0.7025387480754558,1.8765156486919918,5.025295782423098,0.15
5.0,0.01,0.30000000000000004,2.4922702321049557,0.47854864297776,2.0742708365327096,3.818774704346753,0.3
5.0,0.01,0.4,2.4937707004366247,0.20953101336840027,2.071666866941595,2.972771706745684,0.2
5.0,0.01,0.5,2.773165714341709,0.5840402308663732,2.440788894868742,4.983507479889868,0.15
5.0,0.06444444444444444,0.0,2.147718702942478,0.2948199451962634,1.7550551318458154,2.9183235862678996,0.25
5.0,0.06444444444444444,0.1,2.131808810032163,0.10325357337378202,1.9456031572570713,2.394096332072677,0.15
5.0,0.06444444444444444,0.2,2.208089980796574,0.2157572733095189,1.8721009011068672,2.8242053944067913,0.25
5.0,0.06444444444444444,0.30000000000000004,2.549368130931772,1.0979682598129519,1.911295692071103,7.078865011169601,0.3
5.0,0.06444444444444444,0.4,2.7716511413666804,0.6413052466625624,2.1466180732155937,4.326979122598925,0.25
5.0,0.06444444444444444,0.5,2.7136677120635135,0.40182714487374477,2.227941937795671,3.8017278727340362,0.2
5.0,0.11888888888888888,0.0,2.2117684137693714,0.3850984871971001,1.714464999860616,3.171796628685083,0.25
5.0,0.11888888888888888,0.1,2.4035700284203543,0.8837745580708068,1.8632238389480567,5.216184464026071,0.2
5.0,0.11888888888888888,0.2,2.242059046961686,0.41854610757853267,1.7716475558904619,3.753348082884893,0.15
5.0,0.11888888888888888,0.30000000000000004,2.749473752303481,1.4103975176201478,1.9771883182565442,7.74545430678473,0.2
5.0,0.11888888888888888,0.4,2.527718365422621,0.34393994171663583,2.1599256439736085,3.5918762900774657,0.2
5.0,0.11888888888888888,0.5,2.871599393897471,0.6858210120786096,2.407969589451347,4.662729588294621,0.15
5.0,0.17333333333333334,0.0,2.1797444538272037,0.2671073266900281,1.6963475441858589,3.032554766410665,0.15
5.0,0.17333333333333334,0.1,2.2876706417312027,0.4538169799315793,1.917422642297737,3.539759715249643,0.15
5.0,0.17333333333333334,0.2,2.2051977359436608,0.24543730768807426,1.7076106197226735,2.7432757781528703,0.1
5.0,0.17333333333333334,0.30000000000000004,2.3495019415830005,0.2935933794852081,1.927593904451558,3.2566601318806336,0.15
5.0,0.17333333333333334,0.4,2.8630585889605804,0.5724227602203411,2.241298559645438,4.517678436135963,0.55
5.0,0.17333333333333334,0.5,2.6600253851017683,0.2917804423087907,2.357447088938086,3.691277832527492,0.2
5.0,0.22777777777777777,0.0,2.288969611245256,0.4322834004132091,1.8384888656952554,3.483162970044031,0.2
5.0,0.22777777777777777,0.1,2.1823819457927973,0.3554900000035222,1.8715828242768522,3.587726600253718,0.05
5.0,0.22777777777777777,0.2,2.471769698396977,0.6292729043112413,1.8501302617855235,4.037175539328801,0.35
5.0,0.22777777777777777,0.30000000000000004,2.2371082074987756,0.16827659077121157,1.886375065143412,2.5596423394159014,0.05
5.0,0.22777777777777777,0.4,2.5797678739769068,0.4524513794261373,2.1693006519251146,4.414031731440465,0.15
5.0,0.22777777777777777,0.5,2.847306369968198,0.5551873246043263,2.1454890571881786,4.537466305566986,0.2
5.0,0.2822222222222222,0.0,2.4148573944403386,0.5313692420310743,1.8353998962754807,4.085298024504352,0.4
5.0,0.2822222222222222,0.1,2.335448925232003,0.5166162958097377,1.9555707556214115,4.4050000218013805,0.25
5.0,0.2822222222222222,0.2,2.405763126604435,0.6436619815860727,1.9037390556934695,4.930654927725185,0.3
5.0,0.2822222222222222,0.30000000000000004,2.4271463657688104,0.5302264159636414,1.9949330501695794,4.427331135739019,0.1
5.0,0.2822222222222222,0.4,2.5044909821003327,0.13836806987380604,2.3054321450821527,2.8218364771569457,0.2
5.0,0.2822222222222222,0.5,2.7410274080234474,0.28298268968676765,2.4332796276463124,3.709152854063438,0.2
5.0,0.33666666666666667,0.0,2.400827881435842,0.6192039547087865,1.8927865681763811,4.698014329516155,0.15
5.0,0.33666666666666667,0.1,2.2223404846347523,0.2273718427144901,1.9152719927117585,2.8950657137473303,0.15
5.0,0.33666666666666667,0.2,2.2115415970714674,0.10467472563953376,2.0349381376242475,2.402476597188114,0.25
5.0,0.33666666666666667,0.30000000000000004,2.4385115562396504,0.5573026605930973,2.0555360821050375,4.60839196757873,0.15
5.0,0.33666666666666667,0.4,2.7423880825164173,0.5425342280193398,2.307244822080364,4.058254857844933,0.35
5.0,0.33666666666666667,0.5,2.9287126570406135,0.46687271248709833,2.4573133225226593,4.268102605128225,0.3
5.0,0.3911111111111111,0.0,2.3236964744251125,0.1403456532525627,2.079861231994902,2.63364425974864,0.2
5.0,0.3911111111111111,0.1,2.384871315566476,0.46031869511764995,1.9386543725609493,4.177577799599828,0.3
5.0,0.3911111111111111,0.2,2.394621710157537,0.45151531757457497,1.9996456906437237,4.059999568267754,0.15
5.0,0.3911111111111111,0.30000000000000004,2.4004657368713067,0.23382167607598037,2.048384429444181,2.9182563388245084,0.2
5.0,0.3911111111111111,0.4,2.5445681516347545,0.14656623293701737,2.2837261679450247,2.774039257970632,0.05
5.0,0.3911111111111111,0.5,3.0881815427921957,0.5871326747507585,2.5615053782928254,4.651172839025627,0.35
5.0,0.44555555555555554,0.0,2.4019779127979133,0.4734056331123552,2.004668696094441,4.236223644018656,0.15
5.0,0.44555555555555554,0.1,2.4846072135891264,0.5474553729874849,2.1162590454382086,4.646216490726353,0.2
5.0,0.44555555555555554,0.2,2.504702645525012,0.3346177727891219,2.107096167323668,3.5308307310052336,0.45
5.0,0.44555555555555554,0.30000000000000004,2.5855838953984973,0.5968161503521416,2.116827030804432,4.78204384686714,0.2
5.0,0.44555555555555554,0.4,2.629740007603894,0.26172421625742814,2.379369894823041,3.5115345519508585,0.1
5.0,0.44555555555555554,0.5,3.003500766836191,0.4147524657254273,2.512007651031425,4.316781196514098,0.4
5.0,0.5,0.0,2.5627331037866514,0.6861201909804188,2.1074525258162287,5.363403151150605,0.2
5.0,0.5,0.1,2.586513319639759,0.5999589372137667,2.121855992581954,4.951647792828538,0.25
5.0,0.5,0.2,2.4004662222813313,0.26917505502384603,1.8587370227343847,3.1764653359870967,0.15
5.0,0.5,0.30000000000000004,2.7119400853724285,0.3466102145409526,2.303699339721992,3.7647011559125305,0.3
5.0,0.5,0.4,2.7598618541140194,0.17766547543069267,2.4669808572387573,3.3607512552694145,0.15
5.0,0.5,0.5,3.2311604756065124,0.6417228638712892,2.6995548238247085,5.452469417474788,0.25
